rm_id_a,rm_id_b,n_shared_region,n_shared_sub_industry,shared_segments,avg_eligibility_score_shared,total_approved_credit_shared,jaccard,n_customers_shared,n_shared_industry,score_gap
RM0038,RM0030,4,18,33,0.6674495412844037,32750000000.0,0.4852941176470588,109,6,0.018146835443037967
RM0038,RM0008,4,20,37,0.6846793893129774,39400000000.0,0.5362318840579711,131,6,0.0009048780487804775
RM0038,RM0024,4,20,33,0.6651037735849056,27950000000.0,0.4647887323943662,106,6,0.03462222222222222
RM0038,RM0020,4,19,30,0.6989285714285718,25800000000.0,0.44776119402985076,98,6,0.004353846153846153
RM0038,RM0006,4,20,34,0.6670689655172415,33400000000.0,0.5,116,6,0.009788235294117653
RM0038,RM0002,4,19,32,0.6857619047619049,32725000000.0,0.47058823529411764,105,6,0.0012666666666666382
RM0038,RM0026,4,19,31,0.6750217391304347,24500000000.0,0.45588235294117646,92,6,0.018376119402985003
RM0038,RM0022,4,19,27,0.680932584269663,21450000000.0,0.375,89,6,0.007653968253968246
RM0038,RM0007,4,20,34,0.6879910714285714,40875000000.0,0.5151515151515151,112,6,0.02026567164179105
RM0038,RM0011,4,19,32,0.6757241379310346,33425000000.0,0.48484848484848486,116,6,0.005290410958904146
RM0038,RM0032,4,19,34,0.67540625,35550000000.0,0.5,128,6,0.011443956043956094
RM0038,RM0029,4,20,35,0.6855932203389831,31700000000.0,0.5223880597014925,118,6,0.017276543209876594
RM0038,RM0019,4,18,27,0.6798282828282828,25850000000.0,0.4153846153846154,99,6,0.002816216216216194
RM0038,RM0036,4,20,34,0.6665483870967741,32525000000.0,0.4857142857142857,124,6,0.019889130434782576
RM0038,RM0015,4,19,37,0.6668934426229508,33575000000.0,0.5362318840579711,122,6,0.018186516853932577
RM0038,RM0034,4,19,31,0.6926315789473686,30350000000.0,0.4696969696969697,114,6,0.006746153846153846
RM0038,RM0010,4,17,28,0.6708556701030929,27550000000.0,0.4117647058823529,97,6,0.011359999999999926
RM0038,RM0003,4,17,24,0.6684756097560975,24675000000.0,0.375,82,6,0.01395932203389838
RM0038,RM0039,4,19,32,0.6848446601941748,31675000000.0,0.4383561643835616,103,6,0.0004632911392404848
RM0038,RM0016,4,19,34,0.6702870370370371,27325000000.0,0.5,108,6,0.024014285714285766
RM0038,RM0001,4,19,34,0.6766923076923077,35575000000.0,0.5230769230769231,117,6,0.01748108108108115
RM0038,RM0014,4,17,29,0.6732450980392157,31325000000.0,0.43283582089552236,102,6,0.010957377049180317
RM0038,RM0012,4,20,33,0.6447500000000002,32175000000.0,0.4852941176470588,120,6,0.04972911392405066
RM0038,RM0033,4,20,37,0.6762413793103451,31475000000.0,0.5362318840579711,116,6,0.011116049382716153
RM0038,RM0009,4,19,38,0.6779333333333335,35200000000.0,0.5507246376811594,120,6,0.0007951219512195573
RM0038,RM0037,4,19,35,0.6780754716981132,30500000000.0,0.5147058823529411,106,6,0.020361538461538542
RM0038,RM0013,4,20,30,0.6847830188679247,28575000000.0,0.44776119402985076,106,6,0.004102702702702743
RM0038,RM0031,4,18,21,0.6863181818181816,21500000000.0,0.30434782608695654,66,6,0.013629508196721263
RM0038,RM0035,4,20,27,0.6697303370786517,22850000000.0,0.39705882352941174,89,6,0.0009937500000000155
RM0038,RM0027,4,20,28,0.6801222222222222,26575000000.0,0.4117647058823529,90,6,0.012749206349206399
RM0038,RM0005,4,19,31,0.6960412371134022,29425000000.0,0.4305555555555556,97,6,0.0031249999999999334
RM0038,RM0023,4,20,30,0.6723163265306124,29100000000.0,0.4411764705882353,98,6,0.01578095238095245
RM0038,RM0040,4,20,33,0.6761166666666666,32575000000.0,0.4714285714285714,120,6,0.015472289156626573
RM0038,RM0004,4,20,34,0.6763451327433629,35050000000.0,0.4857142857142857,113,6,0.010467567567567504
RM0038,RM0028,4,19,30,0.6704693877551021,26725000000.0,0.4411764705882353,98,6,0.043280000000000096
RM0038,RM0018,4,20,30,0.6675510204081634,28475000000.0,0.4166666666666667,98,6,0.011261111111111055
RM0038,RM0017,4,16,25,0.6813103448275861,30550000000.0,0.3787878787878788,87,6,0.004944262295081936
RM0038,RM0021,4,20,34,0.7011545454545456,34450000000.0,0.4927536231884058,110,6,0.008850000000000025
RM0038,RM0025,4,20,35,0.6727812500000003,30050000000.0,0.5072463768115942,128,6,0.02557045454545459
RM0030,RM0008,4,18,32,0.6742621359223303,36125000000.0,0.463768115942029,103,6,0.019051713491818445
RM0030,RM0024,4,18,31,0.6605050505050505,27150000000.0,0.45588235294117646,99,6,0.016475386779184253
RM0030,RM0020,4,17,29,0.6890537634408604,26850000000.0,0.4603174603174603,93,6,0.02250068159688412
RM0030,RM0006,4,18,32,0.6521619047619049,31300000000.0,0.49230769230769234,105,6,0.008358600148920314
RM0030,RM0002,4,18,30,0.6691041666666667,26125000000.0,0.46153846153846156,96,6,0.019413502109704606
RM0030,RM0026,4,18,32,0.6841063829787235,25700000000.0,0.5161290322580645,94,6,0.03652295484602297
RM0030,RM0022,4,17,28,0.6703571428571432,24650000000.0,0.42424242424242425,84,6,0.010492867189069721
RM0030,RM0007,4,18,28,0.6602127659574469,32800000000.0,0.417910447761194,94,6,0.0021188361987530824
RM0030,RM0011,4,17,28,0.677108695652174,23450000000.0,0.4307692307692308,92,6,0.012856424484133822
RM0030,RM0032,4,17,29,0.6673300970873787,28275000000.0,0.4264705882352941,103,6,0.006702879399081874
RM0030,RM0029,4,18,28,0.6602346938775512,28650000000.0,0.4057971014492754,98,6,0.0008702922331613738
RM0030,RM0019,4,18,26,0.6685600000000003,30175000000.0,0.4262295081967213,100,6,0.02096305165925416
RM0030,RM0036,4,18,31,0.6608679245283018,29100000000.0,0.45588235294117646,106,6,0.0017422949917446084
RM0030,RM0015,4,18,38,0.6689186991869918,34825000000.0,0.6031746031746031,123,6,3.968141089460975e-05
RM0030,RM0034,4,17,23,0.6883448275862071,27600000000.0,0.3333333333333333,87,6,0.011400681596884121
RM0030,RM0010,4,16,34,0.6744173913043476,34950000000.0,0.5964912280701754,115,6,0.006786835443038042
RM0030,RM0003,4,15,21,0.669578125,18450000000.0,0.3387096774193548,64,6,0.004187513409139587
RM0030,RM0039,4,17,34,0.669219298245614,35725000000.0,0.5151515151515151,114,6,0.017683544303797483
RM0030,RM0016,4,17,30,0.6521063829787236,28475000000.0,0.44776119402985076,94,6,0.005867450271247798
RM0030,RM0001,4,18,31,0.6730769230769231,29475000000.0,0.49206349206349204,104,6,0.0006657543619568163
RM0030,RM0014,4,15,28,0.6652873563218392,27175000000.0,0.4444444444444444,87,6,0.007189458393857651
RM0030,RM0012,4,18,31,0.6507884615384617,26775000000.0,0.47692307692307695,104,6,0.03158227848101269
RM0030,RM0033,4,18,33,0.6698846153846154,27500000000.0,0.4852941176470588,104,6,0.007030786060321814
RM0030,RM0009,4,18,37,0.6678429752066116,37750000000.0,0.5692307692307692,121,6,0.018941957394257525
RM0030,RM0037,4,18,34,0.6709217391304346,36900000000.0,0.53125,115,6,0.0022147030185005745
RM0030,RM0031,4,16,25,0.6745000000000002,25650000000.0,0.4166666666666667,90,6,0.004517327246316705
RM0030,RM0035,4,18,27,0.668732558139535,24075000000.0,0.42857142857142855,86,6,0.017153085443037952
RM0030,RM0013,4,18,28,0.6653200000000002,28275000000.0,0.4375,100,6,0.014044132740335225
RM0030,RM0027,4,18,27,0.6597065217391302,26025000000.0,0.421875,92,6,0.0053976290938315685
RM0030,RM0005,4,17,30,0.6771428571428572,27500000000.0,0.4411764705882353,98,6,0.0212718354430379
RM0030,RM0040,4,18,31,0.665766355140187,31725000000.0,0.4626865671641791,107,6,0.0026745462864113945
RM0030,RM0023,4,18,28,0.6770786516853936,30375000000.0,0.4307692307692308,89,6,0.0023658830620855165
RM0030,RM0004,4,18,29,0.6622637362637364,28900000000.0,0.4142857142857143,91,6,0.0076792678754704635
RM0030,RM0028,4,17,25,0.645725274725275,21375000000.0,0.36764705882352944,91,6,0.02513316455696213
RM0030,RM0018,4,18,31,0.6596060606060608,30100000000.0,0.4696969696969697,99,6,0.006885724331926912
RM0030,RM0017,4,15,24,0.6608750000000001,22350000000.0,0.3870967741935484,80,6,0.023091097738119903
RM0030,RM0021,4,18,27,0.6641460674157305,24000000000.0,0.38028169014084506,89,6,0.026996835443037992
RM0030,RM0025,4,18,31,0.6488240740740743,29250000000.0,0.45588235294117646,108,6,0.007423619102416623
RM0024,RM0008,4,20,35,0.6766428571428572,33575000000.0,0.5072463768115942,112,6,0.0355271002710027
RM0024,RM0020,4,19,28,0.6698617021276596,21950000000.0,0.417910447761194,94,6,0.038976068376068373
RM0024,RM0006,4,20,31,0.6696699029126212,32350000000.0,0.4492753623188406,103,6,0.024833986928104568
RM0024,RM0002,4,19,39,0.664322834645669,32450000000.0,0.6610169491525424,127,6,0.03588888888888886
RM0024,RM0026,4,19,30,0.6763714285714286,25925000000.0,0.44776119402985076,105,6,0.052998341625207224
RM0024,RM0022,4,19,33,0.65955,25100000000.0,0.515625,100,6,0.026968253968253975
RM0024,RM0007,4,20,29,0.6433645833333332,25975000000.0,0.42028985507246375,96,6,0.014356550580431171
RM0024,RM0011,4,19,30,0.6509393939393938,23725000000.0,0.45454545454545453,99,6,0.029331811263318075
RM0024,RM0032,4,19,31,0.6722252252252251,30675000000.0,0.4492753623188406,111,6,0.023178266178266127
RM0024,RM0029,4,20,33,0.6614260869565216,24250000000.0,0.4925373134328358,115,6,0.017345679012345627
RM0024,RM0019,4,18,23,0.6604050632911392,23800000000.0,0.34328358208955223,79,6,0.037438438438438415
RM0024,RM0036,4,20,33,0.6595163934426227,31650000000.0,0.4782608695652174,122,6,0.014733091787439645
RM0024,RM0015,4,19,33,0.6540573770491801,33975000000.0,0.4647887323943662,122,6,0.016435705368289644
RM0024,RM0034,4,19,31,0.6572636363636363,25750000000.0,0.484375,110,6,0.027876068376068375
RM0024,RM0010,4,17,30,0.6569313725490196,26400000000.0,0.46875,102,6,0.023262222222222295
RM0024,RM0003,4,17,23,0.6606470588235295,22450000000.0,0.36507936507936506,85,6,0.02066290018832384
RM0024,RM0039,4,19,38,0.6693442622950818,35975000000.0,0.5846153846153846,122,6,0.034158931082981736
RM0024,RM0016,4,19,33,0.6538301886792452,30000000000.0,0.4925373134328358,106,6,0.010607936507936455
RM0024,RM0001,4,19,33,0.6551909090909089,29375000000.0,0.515625,110,6,0.01714114114114107
RM0024,RM0014,4,17,27,0.6649425287356322,23750000000.0,0.40298507462686567,87,6,0.023664845173041904
RM0024,RM0012,4,20,30,0.6421999999999999,27675000000.0,0.43478260869565216,105,6,0.01510689170182844
RM0024,RM0033,4,20,33,0.6607941176470586,25975000000.0,0.4647887323943662,102,6,0.023506172839506068
RM0024,RM0009,4,19,41,0.6740074626865671,36100000000.0,0.640625,134,6,0.03541734417344178
RM0024,RM0037,4,19,37,0.6588347107438014,33925000000.0,0.578125,121,6,0.014260683760683679
RM0024,RM0013,4,20,30,0.6669770114942527,20025000000.0,0.46153846153846156,87,6,0.030519519519519478
RM0024,RM0031,4,18,24,0.6594805194805194,19250000000.0,0.375,77,6,0.020992714025500958
RM0024,RM0035,4,20,27,0.6631888888888888,20575000000.0,0.4090909090909091,90,6,0.033628472222222205
RM0024,RM0027,4,20,29,0.6757826086956521,21350000000.0,0.4461538461538462,92,6,0.021873015873015822
RM0024,RM0005,4,19,32,0.6705048543689319,31700000000.0,0.463768115942029,103,6,0.037747222222222154
RM0024,RM0023,4,20,29,0.6545777777777778,25500000000.0,0.43283582089552236,90,6,0.01884126984126977
RM0024,RM0040,4,20,33,0.6616880733944952,26425000000.0,0.4852941176470588,109,6,0.019149933065595648
RM0024,RM0004,4,20,37,0.6678823529411763,31500000000.0,0.5692307692307692,119,6,0.024154654654654717
RM0024,RM0028,4,19,34,0.6350833333333336,30100000000.0,0.5483870967741935,120,6,0.008657777777777875
RM0024,RM0018,4,20,30,0.6626562500000001,26425000000.0,0.42857142857142855,96,6,0.023361111111111166
RM0024,RM0017,4,16,26,0.6657444444444442,24100000000.0,0.4126984126984127,90,6,0.03956648451730416
RM0024,RM0021,4,20,32,0.6655499999999998,21675000000.0,0.463768115942029,100,6,0.043472222222222245
RM0024,RM0025,4,20,35,0.6470247933884294,25075000000.0,0.5223880597014925,121,6,0.00905176767676763
RM0008,RM0020,4,19,27,0.6881264367816092,22750000000.0,0.38571428571428573,87,6,0.003448968105065675
RM0008,RM0006,4,20,38,0.6797580645161292,40075000000.0,0.59375,124,6,0.01069311334289813
RM0008,RM0002,4,19,31,0.6842330097087379,30925000000.0,0.4492753623188406,103,6,0.0003617886178861607
RM0008,RM0026,4,19,31,0.6904845360824741,27350000000.0,0.45588235294117646,97,6,0.017471241354204525
RM0008,RM0022,4,19,33,0.6781808510638299,27125000000.0,0.5,94,6,0.008558846302748724
RM0008,RM0007,4,20,31,0.6813541666666668,30325000000.0,0.4492753623188406,96,6,0.021170549690571527
RM0008,RM0011,4,19,30,0.6792999999999999,31700000000.0,0.4411764705882353,100,6,0.006195289007684623
RM0008,RM0032,4,19,36,0.6805322580645162,38800000000.0,0.5454545454545454,124,6,0.012348834092736571
RM0008,RM0029,4,20,35,0.6762241379310345,30150000000.0,0.5223880597014925,116,6,0.01818142125865707
RM0008,RM0019,4,18,28,0.6885688073394496,34500000000.0,0.4375,109,6,0.0019113381674357166
RM0008,RM0036,4,20,38,0.6703565891472868,41150000000.0,0.5757575757575758,129,6,0.020794008483563053
RM0008,RM0015,4,19,37,0.6793000000000001,39225000000.0,0.5362318840579711,120,6,0.019091394902713055
RM0008,RM0034,4,19,29,0.6826923076923078,31025000000.0,0.4264705882352941,104,6,0.007651031894934324
RM0008,RM0010,4,17,31,0.6851346153846154,33125000000.0,0.47692307692307695,104,6,0.012264878048780403
RM0008,RM0003,4,17,23,0.6634814814814813,21800000000.0,0.35384615384615387,81,6,0.014864200082678858
RM0008,RM0039,4,19,36,0.6838416666666667,36450000000.0,0.5217391304347826,120,6,0.0013681691880209623
RM0008,RM0016,4,19,33,0.6722448979591836,29775000000.0,0.4782608695652174,98,6,0.024919163763066243
RM0008,RM0001,4,19,32,0.6782476190476191,34550000000.0,0.47761194029850745,105,6,0.01838595912986163
RM0008,RM0014,4,17,29,0.694247311827957,32475000000.0,0.43283582089552236,93,6,0.011862255097960794
RM0008,RM0012,4,20,37,0.6538800000000001,34275000000.0,0.578125,125,6,0.05063399197283114
RM0008,RM0033,4,20,36,0.6796759259259263,31450000000.0,0.5142857142857142,108,6,0.01202092743149663
RM0008,RM0009,4,19,37,0.6846106194690267,34925000000.0,0.5285714285714286,113,6,0.0001097560975609202
RM0008,RM0037,4,19,31,0.6801600000000001,31800000000.0,0.4305555555555556,100,6,0.02126641651031902
RM0008,RM0031,4,18,25,0.6936279069767441,27275000000.0,0.38461538461538464,86,6,0.01453438624550174
RM0008,RM0035,4,20,27,0.6769318181818181,25550000000.0,0.39705882352941174,88,6,0.001898628048780493
RM0008,RM0013,4,20,33,0.6817857142857141,29575000000.0,0.515625,112,6,0.0050075807514832205
RM0008,RM0027,4,20,30,0.6765326086956521,26825000000.0,0.45454545454545453,92,6,0.013654084397986876
RM0008,RM0005,4,19,35,0.6873451327433626,35950000000.0,0.5147058823529411,113,6,0.002220121951219456
RM0008,RM0040,4,20,33,0.666302752293578,31950000000.0,0.4714285714285714,109,6,0.01637716720540705
RM0008,RM0023,4,20,31,0.6723186813186812,28975000000.0,0.4626865671641791,91,6,0.01668583042973293
RM0008,RM0004,4,20,35,0.6711441441441443,35225000000.0,0.5072463768115942,111,6,0.011372445616347981
RM0008,RM0028,4,19,32,0.6672843137254901,28375000000.0,0.48484848484848486,102,6,0.044184878048780574
RM0008,RM0018,4,20,37,0.6863805309734514,34400000000.0,0.5692307692307692,113,6,0.012165989159891533
RM0008,RM0017,4,16,28,0.6875108695652173,29550000000.0,0.4444444444444444,92,6,0.004039384246301458
RM0008,RM0021,4,20,36,0.6916923076923077,38400000000.0,0.5373134328358209,117,6,0.007945121951219547
RM0008,RM0025,4,20,36,0.6826910569105693,34250000000.0,0.5294117647058824,123,6,0.026475332594235068
RM0020,RM0006,4,19,27,0.6889670329670331,30325000000.0,0.4090909090909091,91,6,0.014142081447963806
RM0020,RM0002,4,18,29,0.6891250000000004,26250000000.0,0.46774193548387094,88,6,0.0030871794871795144
RM0020,RM0026,4,18,29,0.700467391304348,23925000000.0,0.47540983606557374,92,6,0.01402227324913885
RM0020,RM0022,4,18,26,0.7007051282051284,20100000000.0,0.40625,78,6,0.012007814407814399
RM0020,RM0007,4,19,29,0.6850476190476191,27100000000.0,0.46774193548387094,84,6,0.024619517795637202
RM0020,RM0011,4,18,20,0.6905652173913044,19400000000.0,0.2898550724637681,69,6,0.009644257112750299
RM0020,RM0032,4,19,31,0.6777889908256882,25500000000.0,0.5,109,6,0.015797802197802246
RM0020,RM0029,4,19,27,0.6773793103448278,24525000000.0,0.4090909090909091,87,6,0.021630389363722746
RM0020,RM0019,4,17,21,0.6881973684210526,22050000000.0,0.3387096774193548,76,6,0.0015376299376299585
RM0020,RM0036,4,19,31,0.678495145631068,23375000000.0,0.484375,103,6,0.02424297658862873
RM0020,RM0015,4,18,30,0.6799999999999999,25050000000.0,0.44776119402985076,101,6,0.02254036300777873
RM0020,RM0034,4,19,28,0.6760638297872341,22475000000.0,0.4666666666666667,94,6,0.011099999999999999
RM0020,RM0010,4,16,27,0.6789775280898876,23025000000.0,0.45,89,6,0.01571384615384608
RM0020,RM0003,4,16,20,0.6871406250000001,16000000000.0,0.3389830508474576,64,6,0.018313168187744533
RM0020,RM0039,4,18,29,0.7030689655172415,24850000000.0,0.43283582089552236,87,6,0.004817137293086637
RM0020,RM0001,4,18,26,0.6921882352941177,23550000000.0,0.40625,85,6,0.021834927234927304
RM0020,RM0016,4,18,26,0.6786708860759495,20400000000.0,0.3880597014925373,79,6,0.02836813186813192
RM0020,RM0014,4,16,26,0.6791168831168832,21400000000.0,0.4262295081967213,77,6,0.01531122320302647
RM0020,RM0012,4,19,25,0.649057471264368,20775000000.0,0.373134328358209,87,6,0.05408296007789681
RM0020,RM0033,4,19,29,0.6683000000000001,21850000000.0,0.4264705882352941,90,6,0.015469895536562306
RM0020,RM0009,4,18,32,0.6878557692307695,29700000000.0,0.48484848484848486,104,6,0.0035587242026265953
RM0020,RM0037,4,18,29,0.68675,27100000000.0,0.4461538461538462,92,6,0.024715384615384695
RM0020,RM0031,4,17,23,0.6708285714285717,18925000000.0,0.39655172413793105,70,6,0.017983354350567415
RM0020,RM0035,4,19,26,0.6800506329113927,21400000000.0,0.43333333333333335,79,6,0.005347596153846168
RM0020,RM0013,4,19,26,0.6790930232558141,21725000000.0,0.41935483870967744,86,6,0.008456548856548896
RM0020,RM0027,4,19,28,0.6849545454545454,24525000000.0,0.4745762711864407,88,6,0.01710305250305255
RM0020,RM0005,4,18,26,0.6806835443037975,26725000000.0,0.38235294117647056,79,6,0.0012288461538462192
RM0020,RM0023,4,19,24,0.6745211267605634,15425000000.0,0.36923076923076925,71,6,0.020134798534798604
RM0020,RM0040,4,19,27,0.6705287356321837,20425000000.0,0.40298507462686567,87,6,0.019826135310472726
RM0020,RM0004,4,19,30,0.6785217391304349,27575000000.0,0.46153846153846156,92,6,0.014821413721413657
RM0020,RM0028,4,18,24,0.663619047619048,19925000000.0,0.36923076923076925,84,6,0.04763384615384625
RM0020,RM0018,4,19,27,0.6771234567901235,21350000000.0,0.4090909090909091,81,6,0.015614957264957208
RM0020,RM0017,4,15,21,0.6767638888888889,19550000000.0,0.3442622950819672,72,6,0.0005904161412357833
RM0020,RM0021,4,19,26,0.697354430379747,25500000000.0,0.38235294117647056,79,6,0.004496153846153872
RM0020,RM0025,4,19,30,0.6658645833333334,27100000000.0,0.46153846153846156,96,6,0.029924300699300743
RM0006,RM0002,4,19,27,0.6538404255319149,26200000000.0,0.391304347826087,94,6,0.011054901960784291
RM0006,RM0026,4,19,29,0.6778791208791209,21775000000.0,0.4393939393939394,91,6,0.028164354697102656
RM0006,RM0022,4,19,29,0.6818505747126438,24375000000.0,0.4393939393939394,87,6,0.002134267040149407
RM0006,RM0007,4,20,25,0.6675949367088607,28625000000.0,0.352112676056338,79,6,0.010477436347673397
RM0006,RM0011,4,19,26,0.6742888888888888,27800000000.0,0.38235294117647056,90,6,0.004497824335213507
RM0006,RM0032,4,19,31,0.6801509433962263,30325000000.0,0.4626865671641791,106,6,0.0016557207498384408
RM0006,RM0029,4,20,30,0.6733894736842104,30550000000.0,0.4411764705882353,95,6,0.0074883079157589405
RM0006,RM0019,4,18,25,0.6773695652173913,26475000000.0,0.3968253968253968,92,6,0.012604451510333847
RM0006,RM0036,4,20,35,0.6797058823529413,41425000000.0,0.5384615384615384,119,6,0.010100895140664923
RM0006,RM0015,4,19,32,0.6692476190476189,31925000000.0,0.45714285714285713,105,6,0.008398281559814924
RM0006,RM0034,4,19,23,0.6776363636363637,27425000000.0,0.32857142857142857,88,6,0.003042081447963807
RM0006,RM0010,4,17,28,0.670969696969697,28850000000.0,0.4375,99,6,0.0015717647058822726
RM0006,RM0003,4,17,23,0.663297619047619,28375000000.0,0.3770491803278688,84,6,0.004171086739780727
RM0006,RM0039,4,19,36,0.6805206611570249,36875000000.0,0.5538461538461539,121,6,0.009324944154877168
RM0006,RM0016,4,19,32,0.6722549019607846,31125000000.0,0.48484848484848486,102,6,0.014226050420168113
RM0006,RM0001,4,19,29,0.6773300970873787,33600000000.0,0.4393939393939394,103,6,0.007692845786963498
RM0006,RM0014,4,17,30,0.6777959183673469,33875000000.0,0.4838709677419355,98,6,0.0011691417550626637
RM0006,RM0012,4,20,34,0.6581120689655174,34125000000.0,0.5396825396825397,116,6,0.03994087862993301
RM0006,RM0033,4,20,32,0.6814285714285714,32750000000.0,0.45714285714285713,105,6,0.0013278140885985001
RM0006,RM0009,4,19,33,0.6812743362831859,34725000000.0,0.4714285714285714,113,6,0.01058335724533721
RM0006,RM0037,4,19,32,0.6663063063063064,36000000000.0,0.47761194029850745,111,6,0.010573303167420889
RM0006,RM0013,4,20,29,0.6644505494505495,21325000000.0,0.453125,91,6,0.00568553259141491
RM0006,RM0035,4,20,24,0.6635063291139239,22275000000.0,0.3582089552238806,79,6,0.008794485294117638
RM0006,RM0031,4,18,20,0.6839062499999998,22500000000.0,0.30303030303030304,64,6,0.0038412729026036097
RM0006,RM0027,4,20,27,0.6647272727272725,26725000000.0,0.4153846153846154,88,6,0.002960971055088746
RM0006,RM0040,4,20,30,0.6658691588785047,32650000000.0,0.43478260869565216,107,6,0.00568405386250892
RM0006,RM0023,4,20,24,0.6777948717948717,26000000000.0,0.34285714285714286,78,6,0.005992717086834798
RM0006,RM0005,4,19,32,0.6808648648648649,37150000000.0,0.47761194029850745,111,6,0.012913235294117587
RM0006,RM0004,4,20,29,0.6659893617021277,29450000000.0,0.4084507042253521,94,6,0.0006793322734498508
RM0006,RM0028,4,19,24,0.6523625000000001,21150000000.0,0.34285714285714286,80,6,0.03349176470588244
RM0006,RM0018,4,20,33,0.6790384615384616,32900000000.0,0.5076923076923077,104,6,0.001472875816993402
RM0006,RM0017,4,16,27,0.6737282608695653,27725000000.0,0.45,92,6,0.014732497589199589
RM0006,RM0021,4,20,31,0.6699411764705882,33625000000.0,0.45588235294117646,102,6,0.018638235294117678
RM0006,RM0025,4,20,32,0.6781428571428572,35850000000.0,0.47058823529411764,119,6,0.015782219251336937
RM0002,RM0026,4,19,25,0.7036233766233766,23075000000.0,0.36764705882352944,77,6,0.017109452736318365
RM0002,RM0022,4,18,27,0.683170731707317,24725000000.0,0.4090909090909091,82,6,0.008920634920634885
RM0002,RM0007,4,19,29,0.6696631578947371,31850000000.0,0.4461538461538462,95,6,0.021532338308457688
RM0002,RM0011,4,18,27,0.6673516483516483,22350000000.0,0.4153846153846154,91,6,0.006557077625570784
RM0002,RM0032,4,18,28,0.6748857142857143,28250000000.0,0.4117647058823529,105,6,0.012710622710622732
RM0002,RM0029,4,19,29,0.6746448598130841,28050000000.0,0.43283582089552236,107,6,0.018543209876543232
RM0002,RM0019,4,18,22,0.6751125000000002,24025000000.0,0.34375,80,6,0.001549549549549556
RM0002,RM0036,4,19,33,0.669573770491803,34775000000.0,0.5076923076923077,122,6,0.021155797101449214
RM0002,RM0015,4,19,33,0.6621637931034481,31975000000.0,0.4925373134328358,116,6,0.019453183520599215
RM0002,RM0034,4,18,30,0.6816868686868688,27375000000.0,0.4918032786885246,99,6,0.008012820512820484
RM0002,RM0010,4,16,30,0.676990099009901,26775000000.0,0.5,101,6,0.012626666666666564
RM0002,RM0003,4,16,20,0.6806760563380281,18200000000.0,0.3225806451612903,71,6,0.015225988700565019
RM0002,RM0039,4,18,34,0.6835963302752289,36150000000.0,0.5230769230769231,109,6,0.001729957805907123
RM0002,RM0016,4,18,29,0.6606458333333334,27075000000.0,0.43283582089552236,96,6,0.025280952380952404
RM0002,RM0001,4,19,30,0.6645849056603773,30825000000.0,0.47619047619047616,106,6,0.01874774774774779
RM0002,RM0014,4,16,25,0.6792738095238094,25500000000.0,0.38461538461538464,84,6,0.012224043715846955
RM0002,RM0012,4,19,29,0.659009900990099,27975000000.0,0.4393939393939394,101,6,0.0509957805907173
RM0002,RM0033,4,19,28,0.6730898876404495,24375000000.0,0.3888888888888889,89,6,0.012382716049382791
RM0002,RM0009,4,19,35,0.687162393162393,36850000000.0,0.5303030303030303,117,6,0.0004715447154470809
RM0002,RM0037,4,18,32,0.6665714285714285,28250000000.0,0.49230769230769234,105,6,0.02162820512820518
RM0002,RM0013,4,19,28,0.6790329670329671,26200000000.0,0.4444444444444444,91,6,0.005369369369369381
RM0002,RM0031,4,17,26,0.6816436781609196,26750000000.0,0.4482758620689655,87,6,0.014896174863387901
RM0002,RM0035,4,19,26,0.6858023255813954,24025000000.0,0.4126984126984127,86,6,0.0022604166666666536
RM0002,RM0027,4,19,27,0.6873950617283947,21450000000.0,0.42857142857142855,81,6,0.014015873015873037
RM0002,RM0005,4,18,29,0.6846129032258064,29375000000.0,0.4264705882352941,93,6,0.0018583333333332952
RM0002,RM0023,4,19,28,0.680542168674699,26475000000.0,0.4375,83,6,0.01704761904761909
RM0002,RM0040,4,19,28,0.674642857142857,29025000000.0,0.4057971014492754,98,6,0.01673895582329321
RM0002,RM0004,4,19,33,0.6714230769230771,32800000000.0,0.5076923076923077,104,6,0.011734234234234142
RM0002,RM0028,4,18,31,0.6525545454545455,31825000000.0,0.5081967213114754,110,6,0.044546666666666734
RM0002,RM0018,4,19,30,0.6636777777777779,24350000000.0,0.45454545454545453,90,6,0.012527777777777693
RM0002,RM0017,4,16,25,0.6833409090909089,27100000000.0,0.4166666666666667,88,6,0.0036775956284152977
RM0002,RM0021,4,19,29,0.6811022727272729,25275000000.0,0.4264705882352941,88,6,0.007583333333333386
RM0002,RM0025,4,19,30,0.6550490196078431,24900000000.0,0.4411764705882353,102,6,0.02683712121212123
RM0026,RM0022,4,18,30,0.6852857142857143,25125000000.0,0.4838709677419355,91,6,0.02603008765695325
RM0026,RM0007,4,19,25,0.7086376811594203,23600000000.0,0.36764705882352944,69,6,0.03864179104477605
RM0026,RM0011,4,18,27,0.6879425287356322,29375000000.0,0.421875,87,6,0.02366653036188915
RM0026,RM0032,4,18,31,0.6853644859813084,31050000000.0,0.484375,107,6,0.029820075446941097
RM0026,RM0029,4,19,29,0.6870736842105264,25275000000.0,0.4393939393939394,95,6,0.035652662612861596
RM0026,RM0019,4,18,27,0.7020232558139535,27575000000.0,0.46551724137931033,86,6,0.015559903186768809
RM0026,RM0036,4,19,32,0.6826728971962618,28025000000.0,0.49230769230769234,107,6,0.03826524983776758
RM0026,RM0015,4,19,31,0.6915151515151514,28175000000.0,0.45588235294117646,99,6,0.03656263625691758
RM0026,RM0034,4,18,24,0.6925662650602409,24450000000.0,0.36363636363636365,83,6,0.02512227324913885
RM0026,RM0010,4,16,23,0.6991780821917809,20075000000.0,0.3484848484848485,73,6,0.02973611940298493
RM0026,RM0003,4,16,24,0.7000405405405403,21525000000.0,0.42105263157894735,74,6,0.03233544143688338
RM0026,RM0039,4,18,31,0.698691489361702,26550000000.0,0.4626865671641791,94,6,0.018839410542225488
RM0026,RM0016,4,18,27,0.6602962962962964,24500000000.0,0.39705882352941174,81,6,0.04239040511727077
RM0026,RM0001,4,19,28,0.684835294117647,24125000000.0,0.4375,85,6,0.035857200484066154
RM0026,RM0014,4,16,24,0.6799726027397262,19075000000.0,0.36923076923076925,73,6,0.02933349645216532
RM0026,RM0012,4,19,34,0.6585769230769233,27350000000.0,0.5666666666666667,104,6,0.06810523332703566
RM0026,RM0033,4,19,30,0.6818260869565217,27050000000.0,0.43478260869565216,92,6,0.029492168785701156
RM0026,RM0009,4,19,37,0.6889823008849558,34325000000.0,0.5873015873015873,113,6,0.017580997451765445
RM0026,RM0037,4,18,27,0.6889655172413793,26400000000.0,0.391304347826087,87,6,0.038737657864523545
RM0026,RM0031,4,17,24,0.6839493670886077,23000000000.0,0.4067796610169492,79,6,0.032005627599706266
RM0026,RM0035,4,19,27,0.6861874999999998,21625000000.0,0.4426229508196721,80,6,0.019369869402985018
RM0026,RM0013,4,19,27,0.6802962962962964,20600000000.0,0.42857142857142855,81,6,0.022478822105687746
RM0026,RM0027,4,19,27,0.6843,22125000000.0,0.43548387096774194,80,6,0.031125325752191402
RM0026,RM0005,4,18,28,0.6914137931034482,26400000000.0,0.4117647058823529,87,6,0.01525111940298507
RM0026,RM0040,4,19,30,0.6771111111111111,29275000000.0,0.45454545454545453,90,6,0.033848408559611576
RM0026,RM0023,4,19,24,0.6790405405405405,21625000000.0,0.3582089552238806,74,6,0.034157071783937454
RM0026,RM0004,4,19,31,0.70440625,29550000000.0,0.4696969696969697,96,6,0.028843686970552507
RM0026,RM0028,4,18,26,0.6701379310344827,24825000000.0,0.4,87,6,0.0616561194029851
RM0026,RM0018,4,19,28,0.6862674418604651,28525000000.0,0.417910447761194,86,6,0.029637230514096058
RM0026,RM0017,4,16,25,0.688657894736842,22425000000.0,0.423728813559322,76,6,0.013431857107903067
RM0026,RM0021,4,19,30,0.6876847826086957,26975000000.0,0.45454545454545453,92,6,0.009526119402984978
RM0026,RM0025,4,19,29,0.6910795454545455,22625000000.0,0.4264705882352941,88,6,0.04394657394843959
RM0022,RM0007,4,19,27,0.6624736842105263,23300000000.0,0.4090909090909091,76,6,0.012611703387822804
RM0022,RM0011,4,18,27,0.6751022727272727,23550000000.0,0.421875,88,6,0.0023635572950641004
RM0022,RM0032,4,18,29,0.6817835051546391,27725000000.0,0.4393939393939394,97,6,0.0037899877899878476
RM0022,RM0029,4,19,29,0.6737849462365592,24450000000.0,0.4393939393939394,93,6,0.009622574955908347
RM0022,RM0019,4,17,25,0.6877951807228916,24075000000.0,0.4166666666666667,83,6,0.01047018447018444
RM0022,RM0036,4,19,33,0.6773679245283016,25500000000.0,0.515625,106,6,0.01223516218081433
RM0022,RM0015,4,18,30,0.6819399999999999,28975000000.0,0.43478260869565216,100,6,0.010532548599964331
RM0022,RM0034,4,18,26,0.6885806451612901,25125000000.0,0.40625,93,6,0.0009078144078144001
RM0022,RM0010,4,16,27,0.6734659090909091,25000000000.0,0.43548387096774194,88,6,0.0037060317460316794
RM0022,RM0003,4,16,20,0.6777656250000001,18275000000.0,0.32786885245901637,64,6,0.006305353779930134
RM0022,RM0039,4,18,30,0.6804999999999998,26625000000.0,0.4411764705882353,92,6,0.0071906771147277615
RM0022,RM0016,4,18,32,0.6833763440860214,29300000000.0,0.5079365079365079,93,6,0.01636031746031752
RM0022,RM0001,4,18,29,0.679964705882353,21325000000.0,0.4603174603174603,85,6,0.009827112827112905
RM0022,RM0014,4,16,23,0.677742424242424,20500000000.0,0.3484848484848485,66,6,0.0033034087952120705
RM0022,RM0012,4,19,28,0.6438641975308642,19125000000.0,0.42424242424242425,81,6,0.042075145670082414
RM0022,RM0033,4,19,30,0.68375,22050000000.0,0.43478260869565216,88,6,0.003462081128747907
RM0022,RM0009,4,18,31,0.6831443298969069,27625000000.0,0.4492753623188406,97,6,0.008449090205187804
RM0022,RM0037,4,18,28,0.6652674418604652,27975000000.0,0.4117647058823529,86,6,0.012707570207570296
RM0022,RM0031,4,17,22,0.6862000000000001,21875000000.0,0.36065573770491804,75,6,0.0059755399427530165
RM0022,RM0035,4,19,26,0.6818571428571429,18900000000.0,0.41935483870967744,70,6,0.006660218253968231
RM0022,RM0013,4,19,29,0.6891590909090909,21250000000.0,0.47540983606557374,88,6,0.0035512655512655034
RM0022,RM0027,4,19,25,0.6573239436619718,18000000000.0,0.390625,71,6,0.005095238095238153
RM0022,RM0005,4,18,29,0.695670588235294,23500000000.0,0.43283582089552236,85,6,0.01077896825396818
RM0022,RM0040,4,19,29,0.6773956043956044,23350000000.0,0.43283582089552236,91,6,0.007818320902658327
RM0022,RM0023,4,19,26,0.6643815789473683,21875000000.0,0.4,76,6,0.008126984126984205
RM0022,RM0004,4,19,29,0.6729629629629629,22100000000.0,0.4264705882352941,81,6,0.0028135993135992576
RM0022,RM0028,4,19,28,0.6597441860465116,20575000000.0,0.4444444444444444,86,6,0.03562603174603185
RM0022,RM0018,4,19,33,0.67289898989899,27025000000.0,0.532258064516129,99,6,0.003607142857142809
RM0022,RM0017,4,15,21,0.6783606557377049,15475000000.0,0.3333333333333333,61,6,0.012598230549050182
RM0022,RM0021,4,19,25,0.6825316455696202,24000000000.0,0.352112676056338,79,6,0.01650396825396827
RM0022,RM0025,4,19,31,0.6776299999999997,24775000000.0,0.4696969696969697,100,6,0.017916486291486344
RM0007,RM0011,4,19,27,0.6803058823529413,29500000000.0,0.4153846153846154,85,6,0.014975260682886904
RM0007,RM0032,4,19,27,0.6763846153846157,28225000000.0,0.391304347826087,91,6,0.008821715597834956
RM0007,RM0029,4,20,31,0.6719903846153846,30275000000.0,0.47692307692307695,104,6,0.002989128431914456
RM0007,RM0019,4,18,25,0.6824659090909094,25300000000.0,0.4098360655737705,88,6,0.023081887858007244
RM0007,RM0036,4,20,30,0.6601442307692308,30475000000.0,0.4411764705882353,104,6,0.00037654120700847393
RM0007,RM0015,4,19,32,0.6618952380952382,34275000000.0,0.47058823529411764,105,6,0.0020791547878584726
RM0007,RM0034,4,19,29,0.6687800000000002,27925000000.0,0.46774193548387094,100,6,0.013519517795637204
RM0007,RM0010,4,17,30,0.6661649484536085,29125000000.0,0.5,97,6,0.008905671641791124
RM0007,RM0003,4,17,22,0.6618028169014085,21500000000.0,0.36666666666666664,71,6,0.0063063496078926695
RM0007,RM0039,4,19,29,0.666846153846154,31325000000.0,0.4142857142857143,91,6,0.019802380502550565
RM0007,RM0016,4,19,28,0.6643037974683546,22900000000.0,0.4117647058823529,79,6,0.003748614072494716
RM0007,RM0001,4,19,29,0.6736153846153847,26150000000.0,0.453125,91,6,0.0027845905607098986
RM0007,RM0014,4,17,26,0.6589493670886077,25925000000.0,0.40625,79,6,0.009308294592610733
RM0007,RM0012,4,20,24,0.6485000000000001,26475000000.0,0.3380281690140845,80,6,0.02946344228225961
RM0007,RM0033,4,20,28,0.6718045977011494,26300000000.0,0.3888888888888889,87,6,0.009149622259074897
RM0007,RM0009,4,19,32,0.6768979591836736,34700000000.0,0.463768115942029,98,6,0.021060793593010607
RM0007,RM0037,4,19,35,0.6733137254901961,31975000000.0,0.5645161290322581,102,6,9.586681974749212e-05
RM0007,RM0013,4,20,27,0.666279069767442,24650000000.0,0.421875,86,6,0.016162968939088307
RM0007,RM0031,4,18,23,0.6734782608695651,26975000000.0,0.3770491803278688,69,6,0.006636163445069787
RM0007,RM0035,4,20,26,0.677922077922078,22925000000.0,0.4126984126984127,77,6,0.019271921641791034
RM0007,RM0027,4,20,26,0.662818181818182,21775000000.0,0.40625,77,6,0.007516465292584651
RM0007,RM0005,4,19,31,0.6811,30375000000.0,0.4696969696969697,90,6,0.023390671641790983
RM0007,RM0023,4,20,29,0.6626785714285715,29325000000.0,0.4603174603174603,84,6,0.004484719260838599
RM0007,RM0040,4,20,31,0.66295,29425000000.0,0.4696969696969697,100,6,0.004793382485164477
RM0007,RM0004,4,20,28,0.6701566265060243,26725000000.0,0.4,83,6,0.009798104074223546
RM0007,RM0028,4,19,30,0.6435789473684213,28825000000.0,0.4838709677419355,95,6,0.023014328358209046
RM0007,RM0018,4,20,33,0.6632842105263161,28275000000.0,0.5238095238095238,95,6,0.009004560530679995
RM0007,RM0017,4,16,24,0.6784749999999999,24900000000.0,0.39344262295081966,80,6,0.025209933936872986
RM0007,RM0021,4,20,31,0.6833478260869567,30125000000.0,0.4696969696969697,92,6,0.029115671641791074
RM0007,RM0025,4,20,33,0.6523302752293579,29425000000.0,0.5076923076923077,109,6,0.005304782903663541
RM0011,RM0032,4,18,29,0.67803,28700000000.0,0.4461538461538462,100,6,0.006153545085051948
RM0011,RM0029,4,19,32,0.6765357142857145,30200000000.0,0.5161290322580645,112,6,0.011986132250972448
RM0011,RM0019,4,17,26,0.6905494505494507,29325000000.0,0.4482758620689655,91,6,0.00810662717512034
RM0011,RM0036,4,19,29,0.6696465517241381,34325000000.0,0.43283582089552236,116,6,0.01459871947587843
RM0011,RM0015,4,18,30,0.657981308411215,32650000000.0,0.4411764705882353,107,6,0.012896105895028431
RM0011,RM0034,4,18,26,0.6729789473684212,27575000000.0,0.4126984126984127,95,6,0.0014557428872497002
RM0011,RM0010,4,16,23,0.6770750000000001,22975000000.0,0.35384615384615387,80,6,0.00606958904109578
RM0011,RM0003,4,16,20,0.6838181818181819,19975000000.0,0.3333333333333333,66,6,0.008668911074994234
RM0011,RM0039,4,18,29,0.6699468085106383,30125000000.0,0.4264705882352941,94,6,0.004827119819663661
RM0011,RM0001,4,18,28,0.6701530612244898,28650000000.0,0.4444444444444444,98,6,0.012190670122177005
RM0011,RM0016,4,18,28,0.6682553191489361,27275000000.0,0.42424242424242425,94,6,0.01872387475538162
RM0011,RM0014,4,16,26,0.6793750000000001,27650000000.0,0.41935483870967744,80,6,0.005666966090276171
RM0011,RM0012,4,19,29,0.6681428571428571,35700000000.0,0.453125,105,6,0.044438702965146515
RM0011,RM0033,4,19,33,0.6891818181818182,29125000000.0,0.5076923076923077,99,6,0.005825638423812007
RM0011,RM0009,4,18,32,0.6862403846153846,35350000000.0,0.47761194029850745,104,6,0.006085532910123703
RM0011,RM0037,4,18,29,0.6600736842105264,27800000000.0,0.4393939393939394,95,6,0.015071127502634396
RM0011,RM0013,4,19,27,0.6835714285714287,26175000000.0,0.43548387096774194,98,6,0.001187708256201403
RM0011,RM0035,4,19,24,0.6794875000000001,23375000000.0,0.38095238095238093,80,6,0.0042966609589041305
RM0011,RM0031,4,17,22,0.6860240963855422,24825000000.0,0.36666666666666664,83,6,0.008339097237817117
RM0011,RM0027,4,19,24,0.6863636363636363,25875000000.0,0.375,77,6,0.007458795390302253
RM0011,RM0040,4,19,28,0.6805643564356435,32050000000.0,0.417910447761194,101,6,0.010181878197722427
RM0011,RM0023,4,19,26,0.6730602409638555,24700000000.0,0.40625,83,6,0.010490541422048305
RM0011,RM0005,4,18,29,0.6831219512195122,22900000000.0,0.4393939393939394,82,6,0.00841541095890408
RM0011,RM0004,4,19,27,0.6704597701149424,26850000000.0,0.391304347826087,87,6,0.005177156608663358
RM0011,RM0028,4,18,30,0.6495612244897959,26400000000.0,0.5,98,6,0.03798958904109595
RM0011,RM0018,4,19,28,0.6719569892473121,28825000000.0,0.42424242424242425,93,6,0.005970700152206909
RM0011,RM0017,4,16,26,0.6875909090909093,27450000000.0,0.45614035087719296,88,6,0.010234673253986082
RM0011,RM0021,4,19,26,0.6868160919540229,25000000000.0,0.37681159420289856,87,6,0.01414041095890417
RM0011,RM0025,4,19,26,0.6704239130434783,21000000000.0,0.37142857142857144,92,6,0.020280043586550445
RM0032,RM0029,4,19,29,0.6699245283018868,26925000000.0,0.42028985507246375,106,6,0.0058325871659205
RM0032,RM0019,4,17,23,0.6678295454545456,23650000000.0,0.35384615384615387,88,6,0.014260172260172288
RM0032,RM0036,4,19,34,0.6625488721804509,32725000000.0,0.5151515151515151,133,6,0.008445174390826482
RM0032,RM0015,4,18,33,0.6726460176991149,28625000000.0,0.4782608695652174,113,6,0.006742560809976483
RM0032,RM0034,4,19,26,0.6920505050505051,24325000000.0,0.3880597014925373,99,6,0.004697802197802248
RM0032,RM0010,4,16,25,0.6748817204301074,26750000000.0,0.373134328358209,93,6,8.395604395616818e-05
RM0032,RM0003,4,16,21,0.6579240506329116,19975000000.0,0.3333333333333333,79,6,0.0025153659899422864
RM0032,RM0039,4,18,33,0.6742773109243698,36025000000.0,0.4852941176470588,119,6,0.010980664904715609
RM0032,RM0016,4,18,30,0.6629600000000001,25600000000.0,0.4411764705882353,100,6,0.012570329670329672
RM0032,RM0001,4,18,28,0.6661981132075471,31250000000.0,0.417910447761194,106,6,0.006037125037125057
RM0032,RM0014,4,16,28,0.6728854166666666,28125000000.0,0.4375,96,6,0.00048657899477577704
RM0032,RM0012,4,19,29,0.6528095238095237,27500000000.0,0.4264705882352941,105,6,0.03828515788009457
RM0032,RM0033,4,19,36,0.6726083333333333,30875000000.0,0.5454545454545454,120,6,0.0003279066612399406
RM0032,RM0009,4,18,36,0.6826484375000004,36550000000.0,0.5373134328358209,128,6,0.012239077995175651
RM0032,RM0037,4,18,28,0.6669509803921567,26975000000.0,0.39436619718309857,102,6,0.008917582417582448
RM0032,RM0031,4,17,25,0.6764615384615383,27125000000.0,0.4098360655737705,91,6,0.002185552152765169
RM0032,RM0035,4,19,26,0.6723258426966292,20525000000.0,0.4,89,6,0.010450206043956078
RM0032,RM0013,4,19,28,0.6759809523809525,26650000000.0,0.4307692307692308,105,6,0.007341253341253351
RM0032,RM0027,4,19,29,0.6837373737373738,25075000000.0,0.4603174603174603,99,6,0.001305250305250305
RM0032,RM0005,4,18,33,0.6707982456140349,31975000000.0,0.5,114,6,0.014568956043956027
RM0032,RM0040,4,19,29,0.6762735849056603,32325000000.0,0.4142857142857143,106,6,0.004028333112670479
RM0032,RM0023,4,19,27,0.6632921348314609,21625000000.0,0.40298507462686567,89,6,0.004336996336996357
RM0032,RM0004,4,19,36,0.6800403225806452,34275000000.0,0.5625,124,6,0.0009763884763885899
RM0032,RM0028,4,18,29,0.6557169811320758,26400000000.0,0.4461538461538462,106,6,0.031836043956044
RM0032,RM0018,4,19,31,0.6671759259259256,30675000000.0,0.4626865671641791,108,6,0.00018284493284503878
RM0032,RM0017,4,15,24,0.6768089887640447,26525000000.0,0.38095238095238093,89,6,0.01638821833903803
RM0032,RM0021,4,19,33,0.6828796296296294,30475000000.0,0.5,108,6,0.02029395604395612
RM0032,RM0025,4,19,33,0.6762857142857145,32925000000.0,0.4925373134328358,126,6,0.014126498501498497
RM0029,RM0019,4,18,29,0.689039603960396,30800000000.0,0.4915254237288136,101,6,0.020092759426092788
RM0029,RM0036,4,20,34,0.6564341085271317,33850000000.0,0.5151515151515151,129,6,0.0026125872249059823
RM0029,RM0015,4,19,34,0.664416,33025000000.0,0.5,125,6,0.0009099736440559836
RM0029,RM0034,4,19,26,0.6793505154639174,21300000000.0,0.3880597014925373,97,6,0.010530389363722747
RM0029,RM0010,4,17,26,0.6548241758241758,25325000000.0,0.3939393939393939,91,6,0.005916543209876668
RM0029,RM0003,4,17,23,0.6707532467532467,21075000000.0,0.3770491803278688,77,6,0.0033172211759782133
RM0029,RM0039,4,19,32,0.6813644859813082,31625000000.0,0.463768115942029,107,6,0.01681325207063611
RM0029,RM0016,4,19,34,0.6724774774774775,32975000000.0,0.53125,111,6,0.006737742504409172
RM0029,RM0001,4,19,31,0.6695526315789472,30225000000.0,0.484375,114,6,0.00020453787120455758
RM0029,RM0014,4,17,29,0.668858585858586,27375000000.0,0.4603174603174603,99,6,0.006319166160696277
RM0029,RM0012,4,20,30,0.6511333333333333,27075000000.0,0.44776119402985076,105,6,0.03245257071417407
RM0029,RM0033,4,20,36,0.6763793103448277,29525000000.0,0.5454545454545454,116,6,0.00616049382716044
RM0029,RM0009,4,19,35,0.6806410256410256,32025000000.0,0.5147058823529411,117,6,0.01807166516109615
RM0029,RM0037,4,19,32,0.6654571428571427,31075000000.0,0.47761194029850745,105,6,0.0030849952516619483
RM0029,RM0013,4,20,30,0.6751584158415843,25075000000.0,0.47619047619047616,101,6,0.01317384050717385
RM0029,RM0031,4,18,25,0.6599148936170213,25700000000.0,0.4098360655737705,94,6,0.003647035013155331
RM0029,RM0035,4,20,26,0.6680869565217392,22300000000.0,0.4,92,6,0.016282793209876578
RM0029,RM0027,4,20,27,0.6762142857142858,23850000000.0,0.4153846153846154,84,6,0.004527336860670195
RM0029,RM0005,4,19,30,0.6823775510204081,30800000000.0,0.43478260869565216,98,6,0.020401543209876527
RM0029,RM0023,4,20,27,0.6692386363636365,22050000000.0,0.40298507462686567,88,6,0.0014955908289241426
RM0029,RM0040,4,20,31,0.6694770642201834,29975000000.0,0.45588235294117646,109,6,0.0018042540532500206
RM0029,RM0004,4,20,35,0.6768660714285712,29050000000.0,0.5384615384615384,112,6,0.00680897564230909
RM0029,RM0028,4,19,27,0.657666666666667,24675000000.0,0.40298507462686567,96,6,0.026003456790123503
RM0029,RM0018,4,20,29,0.65868085106383,23200000000.0,0.42028985507246375,94,6,0.0060154320987655385
RM0029,RM0017,4,16,23,0.6726790123456792,23125000000.0,0.359375,81,6,0.02222080550495853
RM0029,RM0021,4,20,31,0.683752688172043,26025000000.0,0.45588235294117646,93,6,0.026126543209876618
RM0029,RM0025,4,20,34,0.6759406779661017,28325000000.0,0.5151515151515151,118,6,0.008293911335577997
RM0019,RM0036,4,18,26,0.6673020833333333,26800000000.0,0.40625,96,6,0.02270534665099877
RM0019,RM0015,4,18,26,0.6780103092783505,29850000000.0,0.3939393939393939,97,6,0.02100273307014877
RM0019,RM0034,4,17,22,0.6864022988505749,22400000000.0,0.36065573770491804,87,6,0.00956237006237004
RM0019,RM0010,4,16,25,0.6911359223300972,31050000000.0,0.43859649122807015,103,6,0.01417621621621612
RM0019,RM0003,4,15,18,0.6835820895522388,20500000000.0,0.32142857142857145,67,6,0.016775538250114574
RM0019,RM0039,4,17,26,0.6838241758241757,29775000000.0,0.4,91,6,0.003279507355456679
RM0019,RM0001,4,18,26,0.6693020833333333,27275000000.0,0.4406779661016949,96,6,0.020297297297297345
RM0019,RM0016,4,17,30,0.6796274509803925,31225000000.0,0.5172413793103449,102,6,0.02683050193050196
RM0019,RM0014,4,15,25,0.6744482758620692,27900000000.0,0.43859649122807015,87,6,0.013773593265396511
RM0019,RM0012,4,18,25,0.6673888888888891,26800000000.0,0.4032258064516129,90,6,0.052545330140266855
RM0019,RM0033,4,18,27,0.6844105263157896,28625000000.0,0.4153846153846154,95,6,0.013932265598932347
RM0019,RM0009,4,18,26,0.6810107526881721,29175000000.0,0.3880597014925373,93,6,0.002021094264996637
RM0019,RM0037,4,18,27,0.6665232558139537,28825000000.0,0.43548387096774194,86,6,0.023177754677754736
RM0019,RM0031,4,16,17,0.6772328767123288,20050000000.0,0.288135593220339,73,6,0.016445724412937457
RM0019,RM0035,4,18,27,0.6869898989898992,26475000000.0,0.5,99,6,0.0038099662162162096
RM0019,RM0013,4,18,25,0.6893440860215054,26775000000.0,0.43103448275862066,93,6,0.006918918918918937
RM0019,RM0027,4,18,22,0.6735625000000001,24250000000.0,0.36666666666666664,80,6,0.015565422565422593
RM0019,RM0005,4,17,27,0.6886489361702129,27300000000.0,0.43548387096774194,94,6,0.0003087837837837393
RM0019,RM0023,4,18,21,0.6881194029850747,20025000000.0,0.3333333333333333,67,6,0.018597168597168645
RM0019,RM0040,4,18,28,0.6693333333333332,30825000000.0,0.45901639344262296,102,6,0.018288505372842767
RM0019,RM0004,4,18,30,0.662920792079208,29725000000.0,0.5,101,6,0.013283783783783698
RM0019,RM0028,4,17,24,0.6598152173913046,25675000000.0,0.4,92,6,0.04609621621621629
RM0019,RM0018,4,18,29,0.6738979591836737,28600000000.0,0.4915254237288136,98,6,0.01407732732732725
RM0019,RM0017,4,15,21,0.6861818181818184,25925000000.0,0.375,77,6,0.002128046078865742
RM0019,RM0021,4,18,26,0.6985425531914895,28800000000.0,0.4126984126984127,94,6,0.00603378378378383
RM0019,RM0025,4,18,26,0.6694795918367347,25925000000.0,0.40625,98,6,0.028386670761670785
RM0036,RM0015,4,19,37,0.6608432835820893,37225000000.0,0.5522388059701493,134,6,0.0017026135808499987
RM0036,RM0034,4,19,25,0.6585934065934065,20950000000.0,0.35714285714285715,91,6,0.01314297658862873
RM0036,RM0010,4,17,27,0.6512755102040817,26050000000.0,0.40298507462686567,98,6,0.00852913043478265
RM0036,RM0003,4,17,23,0.6776024096385541,20125000000.0,0.36507936507936506,83,6,0.005929808400884196
RM0036,RM0039,4,19,35,0.6837345132743362,35025000000.0,0.5147058823529411,113,6,0.01942583929554209
RM0036,RM0001,4,19,34,0.6708706896551723,32200000000.0,0.5396825396825397,116,6,0.0024080493537014247
RM0036,RM0016,4,19,33,0.6598888888888891,28450000000.0,0.4925373134328358,108,6,0.00412515527950319
RM0036,RM0014,4,17,28,0.6675869565217389,24675000000.0,0.42424242424242425,92,6,0.008931753385602259
RM0036,RM0012,4,20,35,0.6473636363636364,33550000000.0,0.546875,121,6,0.029839983489268085
RM0036,RM0033,4,20,35,0.6702268907563025,30275000000.0,0.5072463768115942,119,6,0.008773081052066423
RM0036,RM0009,4,19,34,0.6819173553719009,38125000000.0,0.4788732394366197,121,6,0.020684252386002133
RM0036,RM0037,4,19,29,0.6556407766990289,29950000000.0,0.4027777777777778,103,6,0.00047240802675596605
RM0036,RM0031,4,18,25,0.6606129032258065,26175000000.0,0.3968253968253968,93,6,0.006259622238061313
RM0036,RM0013,4,20,28,0.66857,27150000000.0,0.417910447761194,100,6,0.015786427732079833
RM0036,RM0035,4,20,25,0.6709749999999997,20600000000.0,0.36764705882352944,80,6,0.01889538043478256
RM0036,RM0027,4,20,28,0.6830232558139533,25550000000.0,0.42424242424242425,86,6,0.007139924085576177
RM0036,RM0005,4,19,32,0.6697192982456138,30425000000.0,0.463768115942029,114,6,0.02301413043478251
RM0036,RM0023,4,20,29,0.6631777777777776,28525000000.0,0.43283582089552236,90,6,0.004108178053830125
RM0036,RM0040,4,20,31,0.6545535714285713,34650000000.0,0.44285714285714284,112,6,0.004416841278156003
RM0036,RM0004,4,20,33,0.6536634615384614,23250000000.0,0.4782608695652174,104,6,0.009421562867215072
RM0036,RM0028,4,19,30,0.6459541284403669,28475000000.0,0.45454545454545453,109,6,0.02339086956521752
RM0036,RM0018,4,20,36,0.6678999999999999,35575000000.0,0.5625,120,6,0.00862801932367152
RM0036,RM0017,4,16,25,0.6606391752577319,26175000000.0,0.390625,97,6,0.024833392729864512
RM0036,RM0021,4,20,34,0.689008849557522,37450000000.0,0.5074626865671642,113,6,0.0287391304347826
RM0036,RM0025,4,20,31,0.6741238938053096,28300000000.0,0.43661971830985913,113,6,0.005681324110672015
RM0034,RM0015,4,18,29,0.6772476190476192,27200000000.0,0.4264705882352941,105,6,0.011440363007778731
RM0034,RM0010,4,16,26,0.6730851063829789,27325000000.0,0.4262295081967213,94,6,0.0046138461538460795
RM0034,RM0003,4,16,21,0.6739367088607597,19575000000.0,0.3620689655172414,79,6,0.007213168187744534
RM0034,RM0039,4,18,27,0.681021505376344,26575000000.0,0.391304347826087,93,6,0.006282862706913361
RM0034,RM0001,4,18,27,0.6777745098039215,29300000000.0,0.42857142857142855,102,6,0.010734927234927305
RM0034,RM0016,4,18,27,0.6706741573033711,23800000000.0,0.4090909090909091,89,6,0.01726813186813192
RM0034,RM0014,4,16,24,0.6800930232558142,26125000000.0,0.38095238095238093,86,6,0.004211223203026471
RM0034,RM0012,4,19,26,0.6562475247524756,26100000000.0,0.3939393939393939,101,6,0.042982960077896815
RM0034,RM0033,4,19,29,0.6737040816326532,26775000000.0,0.4264705882352941,98,6,0.004369895536562307
RM0034,RM0009,4,18,31,0.6887596153846153,31450000000.0,0.4626865671641791,104,6,0.0075412757973734035
RM0034,RM0037,4,18,29,0.6620285714285715,26200000000.0,0.4461538461538462,105,6,0.013615384615384696
RM0034,RM0031,4,17,22,0.6714415584415585,22225000000.0,0.3728813559322034,77,6,0.006883354350567417
RM0034,RM0013,4,19,27,0.6691546391752577,20975000000.0,0.4426229508196721,97,6,0.002643451143451103
RM0034,RM0035,4,19,25,0.6781123595505618,22875000000.0,0.4098360655737705,89,6,0.005752403846153831
RM0034,RM0027,4,19,26,0.6793636363636364,22650000000.0,0.4262295081967213,88,6,0.006003052503052553
RM0034,RM0005,4,18,25,0.6940888888888889,26150000000.0,0.36231884057971014,90,6,0.00987115384615378
RM0034,RM0023,4,19,29,0.6636111111111112,20625000000.0,0.48333333333333334,90,6,0.009034798534798605
RM0034,RM0040,4,19,33,0.6720847457627117,28425000000.0,0.5409836065573771,118,6,0.008726135310472727
RM0034,RM0004,4,19,30,0.6734356435643564,26825000000.0,0.46153846153846156,101,6,0.0037214137214136578
RM0034,RM0028,4,18,28,0.6623297872340427,22625000000.0,0.45901639344262296,94,6,0.03653384615384625
RM0034,RM0018,4,19,30,0.6749615384615387,25225000000.0,0.47619047619047616,104,6,0.004514957264957209
RM0034,RM0017,4,15,19,0.6862121212121213,21275000000.0,0.30158730158730157,66,6,0.011690416141235782
RM0034,RM0021,4,19,28,0.691868686868687,29125000000.0,0.42424242424242425,99,6,0.01559615384615387
RM0034,RM0025,4,19,29,0.664504854368932,23200000000.0,0.4393939393939394,103,6,0.018824300699300744
RM0015,RM0010,4,16,33,0.657201754385965,35325000000.0,0.5238095238095238,114,6,0.0068265168539326515
RM0015,RM0003,4,16,27,0.6612840909090908,22425000000.0,0.4426229508196721,88,6,0.004227194820034197
RM0015,RM0039,4,18,37,0.6711652892561982,33775000000.0,0.5441176470588235,121,6,0.017723225714692092
RM0015,RM0016,4,18,35,0.6633539823008848,34575000000.0,0.5223880597014925,113,6,0.0058277688603531885
RM0015,RM0001,4,19,32,0.6540089285714286,31225000000.0,0.47761194029850745,112,6,0.000705435772851426
RM0015,RM0014,4,16,29,0.6680454545454548,28075000000.0,0.43283582089552236,88,6,0.00722913980475226
RM0015,RM0012,4,19,33,0.646090909090909,29025000000.0,0.4852941176470588,110,6,0.031542597070118084
RM0015,RM0033,4,19,38,0.6733790322580644,34025000000.0,0.5588235294117647,124,6,0.007070467471216424
RM0015,RM0009,4,19,39,0.6649302325581397,35600000000.0,0.5735294117647058,129,6,0.018981638805152135
RM0015,RM0037,4,18,34,0.6685964912280703,35000000000.0,0.4927536231884058,114,6,0.0021750216076059647
RM0015,RM0031,4,17,26,0.6747640449438203,26025000000.0,0.40625,89,6,0.004557008657211314
RM0015,RM0035,4,19,28,0.6702527472527472,21525000000.0,0.417910447761194,91,6,0.017192766853932562
RM0015,RM0013,4,19,27,0.6689300000000001,26300000000.0,0.38571428571428573,100,6,0.014083814151229834
RM0015,RM0027,4,19,28,0.6673617021276594,24150000000.0,0.4117647058823529,94,6,0.005437310504726178
RM0015,RM0005,4,18,32,0.6763039215686274,29800000000.0,0.4507042253521127,102,6,0.02131151685393251
RM0015,RM0040,4,19,34,0.6593025210084033,33325000000.0,0.4927536231884058,119,6,0.002714227697306004
RM0015,RM0023,4,19,35,0.6685412844036701,29650000000.0,0.5555555555555556,109,6,0.002405564472980126
RM0015,RM0004,4,19,36,0.6643391304347825,32975000000.0,0.5294117647058824,115,6,0.007718949286365073
RM0015,RM0028,4,18,27,0.6283737373737374,24325000000.0,0.38028169014084506,99,6,0.02509348314606752
RM0015,RM0018,4,19,37,0.6638771929824562,32500000000.0,0.5692307692307692,114,6,0.006925405742821522
RM0015,RM0017,4,16,27,0.6648617021276596,29675000000.0,0.421875,94,6,0.023130779149014513
RM0015,RM0021,4,19,30,0.6788315789473685,27950000000.0,0.410958904109589,95,6,0.0270365168539326
RM0015,RM0025,4,19,32,0.6637727272727273,27400000000.0,0.4444444444444444,110,6,0.007383937691522013
RM0010,RM0003,4,15,20,0.6603939393939393,21275000000.0,0.3448275862068966,66,6,0.0025993220338984546
RM0010,RM0039,4,16,29,0.6724285714285714,32700000000.0,0.4393939393939394,105,6,0.010896708860759441
RM0010,RM0001,4,16,28,0.6661346153846155,31825000000.0,0.45901639344262296,104,6,0.0061210810810812255
RM0010,RM0016,4,16,28,0.6679999999999999,26225000000.0,0.4375,89,6,0.01265428571428584
RM0010,RM0014,4,14,27,0.6828172043010753,30125000000.0,0.4576271186440678,93,6,0.00040262295081960886
RM0010,RM0012,4,17,27,0.6568817204301076,27525000000.0,0.421875,93,6,0.038369113924050735
RM0010,RM0033,4,17,24,0.6717037037037036,25225000000.0,0.3333333333333333,81,6,0.00024395061728377243
RM0010,RM0009,4,16,29,0.6797920792079206,30350000000.0,0.4264705882352941,101,6,0.012155121951219483
RM0010,RM0037,4,17,33,0.6662545454545454,32975000000.0,0.55,110,6,0.009001538461538616
RM0010,RM0031,4,16,22,0.6984794520547946,22100000000.0,0.3793103448275862,73,6,0.002269508196721337
RM0010,RM0013,4,17,27,0.6720412371134022,24725000000.0,0.45,97,6,0.007257297297297183
RM0010,RM0035,4,17,24,0.6918987341772153,21650000000.0,0.39344262295081966,79,6,0.01036624999999991
RM0010,RM0027,4,17,23,0.6529452054794519,18825000000.0,0.36507936507936506,73,6,0.0013892063492064732
RM0010,RM0005,4,16,26,0.6863978494623657,25175000000.0,0.3880597014925373,93,6,0.014484999999999859
RM0010,RM0023,4,17,26,0.6630263157894738,25000000000.0,0.41935483870967744,76,6,0.004420952380952525
RM0010,RM0040,4,17,31,0.6594869565217393,34175000000.0,0.5,115,6,0.004112289156626647
RM0010,RM0004,4,17,29,0.6708064516129031,30725000000.0,0.4461538461538462,93,6,0.0008924324324324218
RM0010,RM0028,4,16,24,0.6604712643678164,22675000000.0,0.375,87,6,0.03192000000000017
RM0010,RM0018,4,17,33,0.6819074074074076,32375000000.0,0.559322033898305,108,6,9.88888888888706e-05
RM0010,RM0017,4,14,20,0.7053243243243243,22525000000.0,0.32786885245901637,74,6,0.01630426229508186
RM0010,RM0021,4,17,25,0.686593023255814,25100000000.0,0.36764705882352944,86,6,0.02020999999999995
RM0010,RM0025,4,17,30,0.6675596330275227,28425000000.0,0.46875,109,6,0.014210454545454665
RM0003,RM0039,4,16,24,0.6766499999999999,23300000000.0,0.38095238095238093,80,6,0.013496030894657896
RM0003,RM0016,4,16,23,0.6397605633802818,18800000000.0,0.3770491803278688,71,6,0.010054963680387385
RM0003,RM0001,4,16,22,0.654961038961039,20350000000.0,0.3728813559322034,77,6,0.003521759047182771
RM0003,RM0014,4,14,19,0.6741692307692306,19500000000.0,0.3220338983050847,65,6,0.0030019449847180635
RM0003,RM0012,4,17,23,0.6495476190476189,23025000000.0,0.38333333333333336,84,6,0.03576979189015228
RM0003,RM0033,4,17,23,0.6688055555555557,20900000000.0,0.35384615384615387,72,6,0.002843272651182227
RM0003,RM0009,4,16,22,0.6718507462686567,18400000000.0,0.3283582089552239,67,6,0.014754443985117938
RM0003,RM0037,4,16,24,0.6738674698795182,21675000000.0,0.39344262295081966,83,6,0.006402216427640162
RM0003,RM0031,4,15,16,0.6700833333333335,16750000000.0,0.2857142857142857,48,6,0.00032981383717711754
RM0003,RM0035,4,17,18,0.6668688524590164,17000000000.0,0.3050847457627119,61,6,0.012965572033898365
RM0003,RM0013,4,17,17,0.6481803278688524,13150000000.0,0.27419354838709675,61,6,0.009856619331195637
RM0003,RM0027,4,17,17,0.659537037037037,11325000000.0,0.2786885245901639,54,6,0.0012101156846919814
RM0003,RM0005,4,16,25,0.6881578947368423,25250000000.0,0.4166666666666667,76,6,0.017084322033898314
RM0003,RM0040,4,17,19,0.6533088235294118,19225000000.0,0.2878787878787879,68,6,0.0015129671227281927
RM0003,RM0023,4,17,19,0.6660655737704916,17100000000.0,0.3114754098360656,61,6,0.0018216303470540707
RM0003,RM0004,4,17,24,0.6739743589743588,24150000000.0,0.3870967741935484,78,6,0.0034917544663308764
RM0003,RM0028,4,16,18,0.6598153846153847,17525000000.0,0.2903225806451613,65,6,0.029320677966101716
RM0003,RM0018,4,17,24,0.672012048192771,25175000000.0,0.4,83,6,0.002698210922787325
RM0003,RM0017,4,14,17,0.6669830508474578,17250000000.0,0.30357142857142855,59,6,0.018903584328980316
RM0003,RM0021,4,17,20,0.659044117647059,18525000000.0,0.3076923076923077,68,6,0.022809322033898405
RM0003,RM0025,4,17,21,0.6540909090909091,17025000000.0,0.3230769230769231,77,6,0.01161113251155621
RM0039,RM0016,4,18,36,0.6575486725663716,33975000000.0,0.5538461538461539,113,6,0.02355099457504528
RM0039,RM0001,4,18,32,0.6764814814814814,33675000000.0,0.48484848484848486,108,6,0.017017789941840666
RM0039,RM0014,4,17,27,0.6771604938271604,27950000000.0,0.39705882352941174,81,6,0.010494085909939832
RM0039,RM0012,4,19,33,0.6613364485981309,31800000000.0,0.4925373134328358,107,6,0.049265822784810176
RM0039,RM0033,4,19,36,0.6786666666666666,33500000000.0,0.5217391304347826,114,6,0.010652758243475668
RM0039,RM0009,4,18,38,0.6808983050847459,36225000000.0,0.5588235294117647,118,6,0.0012584130904600421
RM0039,RM0037,4,18,32,0.667543689320388,32750000000.0,0.45714285714285713,103,6,0.019898247322298057
RM0039,RM0031,4,17,24,0.6741874999999999,25750000000.0,0.36923076923076925,80,6,0.013166217057480778
RM0039,RM0035,4,19,25,0.685076923076923,22950000000.0,0.36231884057971014,78,6,0.0005304588607595306
RM0039,RM0013,4,19,35,0.6881696428571427,34425000000.0,0.5737704918032787,112,6,0.003639411563462258
RM0039,RM0027,4,19,31,0.6695104166666667,25300000000.0,0.484375,96,6,0.012285915209965914
RM0039,RM0005,4,19,34,0.6811603773584904,36575000000.0,0.5,106,6,0.003588291139240418
RM0039,RM0040,4,19,34,0.6749292035398229,34950000000.0,0.5,113,6,0.015008998017386088
RM0039,RM0023,4,19,29,0.6777222222222223,30025000000.0,0.4264705882352941,90,6,0.015317661241711966
RM0039,RM0004,4,19,36,0.679018691588785,35425000000.0,0.5373134328358209,107,6,0.01000427642832702
RM0039,RM0028,4,18,33,0.6487924528301887,32825000000.0,0.515625,106,6,0.04281670886075961
RM0039,RM0018,4,19,35,0.6786576576576577,35725000000.0,0.5303030303030303,111,6,0.01079781997187057
RM0039,RM0017,4,16,31,0.6818163265306122,31050000000.0,0.5254237288135594,98,6,0.005407553434322421
RM0039,RM0021,4,19,33,0.6745188679245281,33375000000.0,0.4782608695652174,106,6,0.00931329113924051
RM0039,RM0025,4,19,34,0.6718064516129033,31925000000.0,0.4927536231884058,124,6,0.025107163406214106
RM0016,RM0001,4,18,29,0.6589789473684211,26125000000.0,0.4393939393939394,95,6,0.0065332046332046145
RM0016,RM0014,4,16,27,0.6620249999999998,28725000000.0,0.4153846153846154,80,6,0.013056908665105449
RM0016,RM0012,4,19,31,0.6356000000000002,28075000000.0,0.4696969696969697,100,6,0.025714828209764895
RM0016,RM0033,4,19,36,0.6785740740740743,31600000000.0,0.5454545454545454,108,6,0.012898236331569612
RM0016,RM0009,4,18,31,0.6649797979797977,30150000000.0,0.4305555555555556,99,6,0.024809407665505323
RM0016,RM0037,4,18,29,0.6522906976744186,24600000000.0,0.4142857142857143,86,6,0.0036527472527472238
RM0016,RM0031,4,17,20,0.6600563380281691,22200000000.0,0.30303030303030304,71,6,0.010384777517564503
RM0016,RM0035,4,19,26,0.6595844155844157,19050000000.0,0.4,77,6,0.02302053571428575
RM0016,RM0013,4,19,29,0.6626263736263737,24900000000.0,0.453125,91,6,0.019911583011583023
RM0016,RM0027,4,19,29,0.6682134831460673,24550000000.0,0.4603174603174603,89,6,0.011265079365079367
RM0016,RM0005,4,18,33,0.6748315789473686,26175000000.0,0.5,95,6,0.0271392857142857
RM0016,RM0040,4,19,36,0.6728416666666668,35825000000.0,0.5714285714285714,120,6,0.008541996557659193
RM0016,RM0023,4,19,23,0.667,22775000000.0,0.323943661971831,71,6,0.008233333333333315
RM0016,RM0004,4,19,38,0.6604561403508773,34800000000.0,0.6129032258064516,114,6,0.013546718146718262
RM0016,RM0028,4,18,28,0.6442333333333335,23050000000.0,0.42424242424242425,90,6,0.01926571428571433
RM0016,RM0018,4,19,34,0.6645959595959599,28675000000.0,0.53125,99,6,0.01275317460317471
RM0016,RM0017,4,15,28,0.6623804347826086,27375000000.0,0.4745762711864407,92,6,0.0289585480093677
RM0016,RM0021,4,19,30,0.6724942528735632,22725000000.0,0.43478260869565216,87,6,0.03286428571428579
RM0016,RM0025,4,19,34,0.6651724137931034,29125000000.0,0.5151515151515151,116,6,0.0015561688311688249
RM0001,RM0014,4,16,26,0.6792988505747126,29650000000.0,0.4126984126984127,87,6,0.006523704031900834
RM0001,RM0012,4,19,30,0.6543113207547171,30950000000.0,0.46875,106,6,0.03224803284296951
RM0001,RM0033,4,19,33,0.6700096153846153,29950000000.0,0.5,104,6,0.006365031698364998
RM0001,RM0009,4,19,34,0.6804824561403507,36575000000.0,0.5151515151515151,114,6,0.01827620303230071
RM0001,RM0037,4,18,32,0.6694128440366971,34450000000.0,0.5,109,6,0.0028804573804573907
RM0001,RM0031,4,17,21,0.66804,22825000000.0,0.3387096774193548,75,6,0.0038515728843598884
RM0001,RM0013,4,19,27,0.6728172043010753,25925000000.0,0.42857142857142855,93,6,0.013378378378378408
RM0001,RM0035,4,19,23,0.6692083333333333,19075000000.0,0.35384615384615387,72,6,0.016487331081081136
RM0001,RM0027,4,19,24,0.6683614457831326,24350000000.0,0.36923076923076925,83,6,0.004731874731874752
RM0001,RM0005,4,18,29,0.6826703296703296,28625000000.0,0.43283582089552236,91,6,0.020606081081081085
RM0001,RM0023,4,19,29,0.6596444444444447,25575000000.0,0.46774193548387094,90,6,0.0017001287001287002
RM0001,RM0040,4,19,31,0.6685471698113208,32250000000.0,0.47692307692307695,106,6,0.002008791924454578
RM0001,RM0004,4,19,30,0.6627755102040817,27775000000.0,0.44776119402985076,98,6,0.007013513513513647
RM0001,RM0028,4,18,28,0.6495306122448979,27825000000.0,0.4444444444444444,98,6,0.025798918918918945
RM0001,RM0018,4,19,31,0.6717821782178218,30750000000.0,0.484375,101,6,0.006219969969970096
RM0001,RM0017,4,16,22,0.6875200000000001,24500000000.0,0.3548387096774194,75,6,0.022425343376163087
RM0001,RM0021,4,19,29,0.6774897959183672,30150000000.0,0.43283582089552236,98,6,0.026331081081081176
RM0001,RM0025,4,19,32,0.6626551724137929,29600000000.0,0.49230769230769234,116,6,0.00808937346437344
RM0014,RM0012,4,17,28,0.6706559139784948,27050000000.0,0.4444444444444444,93,6,0.038771736874870344
RM0014,RM0033,4,17,30,0.6762727272727274,29700000000.0,0.45454545454545453,88,6,0.00015867233353583643
RM0014,RM0009,4,16,30,0.6735666666666666,30400000000.0,0.44776119402985076,90,6,0.011752499000399874
RM0014,RM0037,4,16,28,0.668425287356322,28475000000.0,0.4307692307692308,87,6,0.009404161412358225
RM0014,RM0031,4,15,21,0.6977424242424242,21875000000.0,0.3559322033898305,66,6,0.002672131147540946
RM0014,RM0013,4,17,24,0.6703552631578947,21300000000.0,0.38095238095238093,76,6,0.006854674346477574
RM0014,RM0035,4,17,25,0.6814868421052632,23600000000.0,0.4166666666666667,76,6,0.009963627049180301
RM0014,RM0027,4,17,19,0.6690344827586207,17000000000.0,0.2835820895522388,58,6,0.001791829300026082
RM0014,RM0005,4,17,31,0.6892903225806452,34150000000.0,0.5,93,6,0.01408237704918025
RM0014,RM0023,4,17,24,0.677134328358209,22000000000.0,0.375,67,6,0.004823575331772134
RM0014,RM0040,4,17,29,0.6684347826086956,29775000000.0,0.453125,92,6,0.004514912107446256
RM0014,RM0004,4,17,28,0.6648470588235291,27225000000.0,0.42424242424242425,85,6,0.0004898094816128129
RM0014,RM0028,4,16,24,0.656817073170732,28100000000.0,0.375,82,6,0.03232262295081978
RM0014,RM0018,4,17,27,0.6721234567901235,23225000000.0,0.4153846153846154,81,6,0.00030373406193073826
RM0014,RM0017,4,14,23,0.6855774647887323,24700000000.0,0.39655172413793105,71,6,0.015901639344262253
RM0014,RM0021,4,17,27,0.6855185185185189,25775000000.0,0.4090909090909091,81,6,0.01980737704918034
RM0014,RM0025,4,17,29,0.6442608695652172,23750000000.0,0.4461538461538462,92,6,0.014613077496274274
RM0012,RM0033,4,20,34,0.648419642857143,28500000000.0,0.5074626865671642,112,6,0.03861306454133451
RM0012,RM0009,4,19,33,0.6590530973451327,33375000000.0,0.4782608695652174,113,6,0.05052423587527022
RM0012,RM0037,4,19,26,0.6357777777777779,23125000000.0,0.3611111111111111,90,6,0.02936757546251212
RM0012,RM0031,4,18,27,0.6566703296703297,25200000000.0,0.46551724137931033,91,6,0.0360996057273294
RM0012,RM0035,4,20,23,0.6553466666666666,20350000000.0,0.34328358208955223,75,6,0.048735363924050645
RM0012,RM0013,4,20,27,0.6499340659340661,23600000000.0,0.4153846153846154,91,6,0.04562641122134792
RM0012,RM0027,4,20,24,0.6521585365853656,21650000000.0,0.3582089552238806,82,6,0.03697990757484426
RM0012,RM0005,4,19,28,0.6776588235294118,25800000000.0,0.4,85,6,0.052854113924050594
RM0012,RM0040,4,20,33,0.6474322033898305,33150000000.0,0.5076923076923077,118,6,0.03425682476742409
RM0012,RM0023,4,20,29,0.6487731958762888,26375000000.0,0.453125,97,6,0.03394816154309821
RM0012,RM0004,4,20,31,0.648343137254902,28025000000.0,0.45588235294117646,102,6,0.03926154635648316
RM0012,RM0028,4,19,26,0.6387395833333334,28275000000.0,0.3880597014925373,96,6,0.006449113924050565
RM0012,RM0018,4,20,33,0.6497669902912623,28850000000.0,0.515625,103,6,0.038468002812939606
RM0012,RM0017,4,16,28,0.6604680851063829,28300000000.0,0.4827586206896552,94,6,0.0546733762191326
RM0012,RM0021,4,20,28,0.6616595744680851,25800000000.0,0.4,94,6,0.058579113924050685
RM0012,RM0025,4,20,31,0.6420000000000001,25850000000.0,0.45588235294117646,107,6,0.02415865937859607
RM0033,RM0009,4,19,39,0.6669915254237287,35675000000.0,0.5735294117647058,118,6,0.01191117133393571
RM0033,RM0037,4,19,33,0.6771067961165047,31700000000.0,0.4714285714285714,103,6,0.009245489078822389
RM0033,RM0031,4,18,24,0.6694512195121951,23025000000.0,0.36363636363636365,82,6,0.0025134588140051095
RM0033,RM0035,4,20,28,0.6903258426966293,22325000000.0,0.417910447761194,89,6,0.010122299382716138
RM0033,RM0013,4,20,24,0.6876753246753246,21850000000.0,0.3287671232876712,77,6,0.00701334668001341
RM0033,RM0027,4,20,31,0.6794299999999999,28825000000.0,0.47692307692307695,100,6,0.0016331569664902457
RM0033,RM0005,4,19,34,0.681367924528302,30300000000.0,0.4927536231884058,106,6,0.014241049382716087
RM0033,RM0040,4,20,34,0.6673274336283186,32000000000.0,0.4927536231884058,113,6,0.00435623977391042
RM0033,RM0023,4,20,30,0.6750744680851065,26775000000.0,0.4411764705882353,94,6,0.004664902998236298
RM0033,RM0004,4,20,35,0.6717850467289722,31425000000.0,0.5072463768115942,107,6,0.0006484818151486493
RM0033,RM0028,4,19,30,0.6525700000000002,24500000000.0,0.4411764705882353,100,6,0.03216395061728394
RM0033,RM0018,4,20,35,0.674036036036036,32400000000.0,0.5223880597014925,111,6,0.00014506172839490183
RM0033,RM0017,4,16,28,0.6817333333333333,28025000000.0,0.4444444444444444,90,6,0.01606031167779809
RM0033,RM0021,4,20,34,0.6792830188679243,30300000000.0,0.4927536231884058,106,6,0.019966049382716178
RM0033,RM0025,4,20,33,0.6643243243243244,25425000000.0,0.4647887323943662,111,6,0.014454405162738437
RM0009,RM0037,4,18,35,0.6818749999999999,33900000000.0,0.5072463768115942,112,6,0.0211566604127581
RM0009,RM0031,4,17,26,0.6796067415730337,26050000000.0,0.4,89,6,0.01442463014794082
RM0009,RM0035,4,19,31,0.6714782608695652,28150000000.0,0.47692307692307695,92,6,0.0017888719512195728
RM0009,RM0013,4,19,30,0.6827395833333333,25150000000.0,0.4411764705882353,96,6,0.0048978246539223
RM0009,RM0027,4,19,34,0.6854433962264151,28725000000.0,0.5396825396825397,106,6,0.013544328300425956
RM0009,RM0005,4,18,34,0.6898571428571426,37175000000.0,0.4857142857142857,112,6,0.002329878048780376
RM0009,RM0040,4,19,39,0.6765737704918032,37775000000.0,0.6,122,6,0.01626741110784613
RM0009,RM0023,4,19,32,0.6750000000000003,31100000000.0,0.47761194029850745,96,6,0.01657607433217201
RM0009,RM0004,4,19,38,0.6800948275862067,35725000000.0,0.5671641791044776,116,6,0.011262689518787061
RM0009,RM0028,4,18,35,0.6596339285714284,34300000000.0,0.546875,112,6,0.044075121951219653
RM0009,RM0018,4,19,32,0.6731799999999997,29475000000.0,0.4507042253521127,100,6,0.012056233062330612
RM0009,RM0017,4,16,29,0.6856276595744679,31650000000.0,0.4603174603174603,94,6,0.004149140343862379
RM0009,RM0021,4,19,35,0.6743867924528302,27875000000.0,0.5072463768115942,106,6,0.008054878048780467
RM0009,RM0025,4,19,34,0.6651848739495801,31625000000.0,0.4788732394366197,119,6,0.026365576496674148
RM0037,RM0013,4,19,25,0.6578518518518517,22875000000.0,0.36231884057971014,81,6,0.0162588357588358
RM0037,RM0031,4,17,22,0.6659117647058822,20400000000.0,0.3384615384615385,68,6,0.006732030264817279
RM0037,RM0035,4,19,29,0.6695168539325843,24575000000.0,0.4603174603174603,89,6,0.019367788461538527
RM0037,RM0027,4,19,28,0.6664239130434781,25625000000.0,0.4307692307692308,92,6,0.007612332112332143
RM0037,RM0005,4,18,29,0.6826521739130434,30625000000.0,0.4084507042253521,92,6,0.023486538461538475
RM0037,RM0023,4,19,28,0.6641707317073169,25000000000.0,0.417910447761194,82,6,0.004580586080586091
RM0037,RM0040,4,19,31,0.661138613861386,28925000000.0,0.4492753623188406,101,6,0.004889249304911969
RM0037,RM0004,4,19,29,0.6622446808510637,31525000000.0,0.4027777777777778,94,6,0.009893970893971038
RM0037,RM0028,4,18,29,0.64171875,26825000000.0,0.4393939393939394,96,6,0.022918461538461554
RM0037,RM0018,4,19,33,0.6676732673267327,28900000000.0,0.5,101,6,0.009100427350427487
RM0037,RM0017,4,15,23,0.6836202531645568,23500000000.0,0.35384615384615387,79,6,0.025305800756620478
RM0037,RM0021,4,19,32,0.6653529411764707,29950000000.0,0.47058823529411764,102,6,0.029211538461538566
RM0037,RM0025,4,19,33,0.6596880733944951,25925000000.0,0.4852941176470588,109,6,0.005208916083916049
RM0031,RM0035,4,18,22,0.673554054054054,20850000000.0,0.38596491228070173,74,6,0.012635758196721247
RM0031,RM0013,4,18,23,0.6707037037037038,19750000000.0,0.39655172413793105,81,6,0.00952680549401852
RM0031,RM0027,4,18,15,0.6984905660377357,15550000000.0,0.23076923076923078,53,6,0.0008803018475148638
RM0031,RM0005,4,17,24,0.6856708860759494,23650000000.0,0.38095238095238093,79,6,0.016754508196721196
RM0031,RM0040,4,18,24,0.6687093023255813,24625000000.0,0.38095238095238093,86,6,0.0018427809599053102
RM0031,RM0023,4,18,24,0.670060975609756,23450000000.0,0.41379310344827586,82,6,0.0021514441842311882
RM0031,RM0004,4,18,23,0.6754230769230766,21075000000.0,0.35384615384615387,78,6,0.003161940629153759
RM0031,RM0028,4,17,23,0.6544567901234568,21500000000.0,0.3898305084745763,81,6,0.029650491803278833
RM0031,RM0018,4,18,25,0.6855,26400000000.0,0.4098360655737705,82,6,0.0023683970856102077
RM0031,RM0017,4,14,18,0.6716060606060607,18575000000.0,0.3157894736842105,66,6,0.0185737704918032
RM0031,RM0021,4,18,23,0.6947794117647059,21900000000.0,0.359375,68,6,0.022479508196721287
RM0031,RM0025,4,18,23,0.6740144927536231,18925000000.0,0.35384615384615387,69,6,0.011940946348733328
RM0013,RM0035,4,20,21,0.6706093750000001,15550000000.0,0.3230769230769231,64,6,0.0031089527027027275
RM0013,RM0027,4,20,24,0.6724722222222224,19125000000.0,0.38095238095238093,72,6,0.008646503646503656
RM0013,RM0005,4,19,28,0.687868131868132,26100000000.0,0.42424242424242425,91,6,0.007227702702702676
RM0013,RM0040,4,20,30,0.6737058823529414,29975000000.0,0.46875,102,6,0.01136958645392383
RM0013,RM0023,4,20,25,0.6696265060240963,23100000000.0,0.390625,83,6,0.011678249678249708
RM0013,RM0004,4,20,30,0.6746195652173913,26300000000.0,0.46153846153846156,92,6,0.006364864864864761
RM0013,RM0028,4,19,26,0.6933253012048194,23275000000.0,0.4126984126984127,83,6,0.03917729729729735
RM0013,RM0018,4,20,29,0.6623402061855671,25825000000.0,0.453125,97,6,0.007158408408408312
RM0013,RM0017,4,16,24,0.6807974683544304,22925000000.0,0.41379310344827586,79,6,0.009046964997784679
RM0013,RM0021,4,20,28,0.6951063829787234,28300000000.0,0.42424242424242425,94,6,0.012952702702702767
RM0013,RM0025,4,20,31,0.6689532710280373,27425000000.0,0.484375,107,6,0.021467751842751848
RM0035,RM0027,4,20,23,0.6771780821917808,19800000000.0,0.3709677419354839,73,6,0.011755456349206383
RM0035,RM0005,4,19,26,0.7037294117647059,27825000000.0,0.3939393939393939,85,6,0.004118749999999949
RM0035,RM0040,4,20,28,0.6785119047619046,22750000000.0,0.4375,84,6,0.014478539156626558
RM0035,RM0023,4,20,24,0.6793285714285712,18775000000.0,0.38095238095238093,70,6,0.014787202380952436
RM0035,RM0004,4,20,29,0.6721612903225805,26975000000.0,0.453125,93,6,0.009473817567567488
RM0035,RM0028,4,19,27,0.6598021978021978,21550000000.0,0.45,91,6,0.04228625000000008
RM0035,RM0018,4,20,23,0.6616857142857144,16400000000.0,0.3382352941176471,70,6,0.01026736111111104
RM0035,RM0017,4,16,19,0.67884126984127,18675000000.0,0.3114754098360656,63,6,0.005938012295081951
RM0035,RM0021,4,20,29,0.6815280898876406,24200000000.0,0.4603174603174603,89,6,0.00984375000000004
RM0035,RM0025,4,20,24,0.6623624999999999,17900000000.0,0.34782608695652173,80,6,0.024576704545454575
RM0027,RM0005,4,19,26,0.6708243243243242,19375000000.0,0.3880597014925373,74,6,0.015874206349206332
RM0027,RM0040,4,20,28,0.6698315789473683,28400000000.0,0.4307692307692308,95,6,0.002723082807420174
RM0027,RM0023,4,20,23,0.6533972602739726,22250000000.0,0.35384615384615387,73,6,0.003031746031746052
RM0027,RM0004,4,20,33,0.6806372549019606,31800000000.0,0.5409836065573771,102,6,0.002281638781638895
RM0027,RM0028,4,19,24,0.6648219178082191,16850000000.0,0.375,73,6,0.030530793650793697
RM0027,RM0018,4,20,28,0.6570116279069768,23350000000.0,0.4375,86,6,0.0014880952380953438
RM0027,RM0017,4,16,25,0.6912933333333332,21525000000.0,0.44642857142857145,75,6,0.017693468644288335
RM0027,RM0021,4,20,30,0.6803000000000001,25475000000.0,0.47619047619047616,90,6,0.021599206349206423
RM0027,RM0025,4,20,31,0.6603818181818182,28450000000.0,0.49206349206349204,110,6,0.012821248196248192
RM0005,RM0040,4,19,32,0.6847857142857141,34575000000.0,0.47058823529411764,112,6,0.018597289156626506
RM0005,RM0023,4,19,24,0.6999722222222222,23050000000.0,0.3380281690140845,72,6,0.018905952380952384
RM0005,RM0004,4,19,34,0.6837128712871288,32725000000.0,0.5074626865671642,101,6,0.013592567567567437
RM0005,RM0028,4,18,32,0.6635800000000002,28575000000.0,0.5079365079365079,100,6,0.04640500000000003
RM0005,RM0018,4,19,31,0.6762903225806453,21050000000.0,0.45588235294117646,93,6,0.014386111111110989
RM0005,RM0017,4,16,27,0.6863563218390807,26675000000.0,0.4426229508196721,87,6,0.0018192622950820025
RM0005,RM0021,4,19,29,0.6922857142857144,30950000000.0,0.4084507042253521,91,6,0.005725000000000091
RM0005,RM0025,4,19,30,0.6506153846153844,28150000000.0,0.4225352112676056,104,6,0.028695454545454524
RM0023,RM0040,4,20,32,0.6562285714285714,32700000000.0,0.5079365079365079,105,6,0.000308663224325878
RM0023,RM0004,4,20,28,0.6744285714285713,26550000000.0,0.4117647058823529,84,6,0.005313384813384947
RM0023,RM0028,4,19,26,0.6410666666666666,26000000000.0,0.40625,90,6,0.027499047619047645
RM0023,RM0018,4,20,29,0.6711058823529413,26275000000.0,0.4461538461538462,85,6,0.004519841269841396
RM0023,RM0017,4,16,16,0.6577636363636363,15650000000.0,0.23880597014925373,55,6,0.020725214676034387
RM0023,RM0021,4,20,27,0.6755822784810127,24550000000.0,0.39705882352941174,79,6,0.024630952380952476
RM0023,RM0025,4,20,27,0.6611428571428571,21875000000.0,0.391304347826087,84,6,0.00978950216450214
RM0040,RM0004,4,20,34,0.6768738738738737,33225000000.0,0.5074626865671642,111,6,0.005004721589059069
RM0040,RM0028,4,19,31,0.6583545454545454,31700000000.0,0.484375,110,6,0.027807710843373523
RM0040,RM0018,4,20,33,0.6588703703703703,32000000000.0,0.5,108,6,0.004211178045515518
RM0040,RM0017,4,16,25,0.6806588235294118,28650000000.0,0.3968253968253968,85,6,0.02041655145170851
RM0040,RM0021,4,20,31,0.6827741935483872,28550000000.0,0.4492753623188406,93,6,0.024322289156626598
RM0040,RM0025,4,20,30,0.6558584070796459,32125000000.0,0.4225352112676056,113,6,0.010098165388828018
RM0004,RM0028,4,19,28,0.6500842105263157,26550000000.0,0.4117647058823529,95,6,0.03281243243243259
RM0004,RM0018,4,20,32,0.6538762886597937,27925000000.0,0.47058823529411764,97,6,0.0007935435435435512
RM0004,RM0017,4,16,27,0.6656022727272727,27500000000.0,0.43548387096774194,88,6,0.01541182986264944
RM0004,RM0021,4,20,32,0.6763092783505154,30250000000.0,0.463768115942029,97,6,0.01931756756756753
RM0004,RM0025,4,20,35,0.6675344827586207,34200000000.0,0.5223880597014925,116,6,0.015102886977887087
RM0028,RM0018,4,19,28,0.6510804597701152,23725000000.0,0.42424242424242425,87,6,0.03201888888888904
RM0028,RM0017,4,15,25,0.6651494252873564,27100000000.0,0.43103448275862066,87,6,0.04822426229508203
RM0028,RM0021,4,19,30,0.6760425531914895,25625000000.0,0.46153846153846156,94,6,0.05213000000000012
RM0028,RM0025,4,19,26,0.660802197802198,20450000000.0,0.37142857142857144,91,6,0.017709545454545506
RM0018,RM0017,4,16,28,0.6712727272727274,26450000000.0,0.4745762711864407,88,6,0.01620537340619299
RM0018,RM0021,4,20,32,0.667040404040404,26225000000.0,0.47761194029850745,99,6,0.02011111111111108
RM0018,RM0025,4,20,35,0.6667068965517241,27300000000.0,0.5384615384615384,116,6,0.014309343434343536
RM0017,RM0021,4,16,22,0.688123287671233,21625000000.0,0.3333333333333333,73,6,0.0039057377049180886
RM0017,RM0025,4,16,27,0.6744148936170213,23025000000.0,0.43548387096774194,94,6,0.030514716840536527
RM0021,RM0025,4,20,32,0.6716574074074072,24875000000.0,0.463768115942029,108,6,0.034420454545454615
