rm_id,n_nasabah,n_diterima,avg_eligibility_score,std_eligibility_score,total_loan_requested,total_approved_credit,dominant_industry,dominant_sub_industry,dominant_region,n_industry,n_sub_industry,n_region,approval_rate,rm_name,branch_name,region,jabatan,level,kapasitas_max_nasabah,join_date,rm_label,cluster_id,jaccard_strength,value_centrality_credit
RM0001,3,3,0.7623333333333333,0.09928914005737646,1275000000,1275000000.0,Transportasi,Rental Kendaraan,Region 1,3,3,2,1.0,Doni Hidayat,KCP Melawai,Kantor Wilayah Jakarta Senayan,Relationship Banking Officer,Junior RB,6,2025-08-29,Doni Hidayat,0,0.030673896916901172,90100000000.0
RM0002,15,13,0.7094,0.14801679441391585,5500000000,4300000000.0,Manufaktur,Furniture,Region 1,6,10,4,0.8666666666666667,Wulan Situmorang,KCP Melawai,Kantor Wilayah Jakarta Senayan,Relationship Banking Officer,Junior RB,17,2016-02-10,Wulan Situmorang,1,0.08272757996368289,323900000000.0
RM0003,11,8,0.6093636363636364,0.14304074435437808,2825000000,1625000000.0,Pertanian,Peternakan Ayam,Region 3,4,7,3,0.7272727272727273,Slamet Kusuma,KCP Melawai,Kantor Wilayah Jakarta Senayan,Relationship Banking Officer,Senior RB,17,2025-07-02,Slamet Kusuma,0,0.0885778804051348,202025000000.0
RM0004,21,18,0.6911904761904762,0.11382338030809798,6525000000,4825000000.0,Perdagangan,Peternakan Ayam,Region 1,5,11,4,0.8571428571428571,Slamet Gunawan,KCP Melawai,Kantor Wilayah Jakarta Senayan,Relationship Banking Officer,Senior RB,25,2021-06-13,Slamet Gunawan,1,0.09563112752318406,394225000000.0
RM0005,10,10,0.7464999999999999,0.08669775083587808,4275000000,4275000000.0,Pertanian,Distributor Hasil Tani,Region 1,3,7,4,1.0,Putri Santoso,KCP Melawai,Kantor Wilayah Jakarta Senayan,Relationship Banking Officer,Senior RB,11,2024-11-27,Putri Santoso (RM0005),0,0.07932379319080086,280600000000.0
RM0006,7,6,0.7055714285714286,0.08358200991213585,2150000000,1650000000.0,Manufaktur,Pengolahan Makanan Ringan,Region 2,3,5,3,0.8571428571428571,Wati Lubis,KCP Melawai,Kantor Wilayah Jakarta Senayan,Relationship Banking Officer,Junior RB,7,2023-02-26,Wati Lubis (RM0006),1,0.04928151619889426,118075000000.0
RM0007,14,11,0.6957142857142857,0.12327482029466244,6075000000,4875000000.0,Manufaktur,Peternakan Ayam,Region 2,5,9,4,0.7857142857142857,Nina Kurniawan,KCP Melawai,Kantor Wilayah Jakarta Senayan,Relationship Banking Officer,Junior RB,18,2017-03-28,Nina Kurniawan,0,0.08754587651937712,347025000000.0
RM0008,9,8,0.6972222222222223,0.09696362433636874,3750000000,3000000000.0,Manufaktur,Pengolahan Makanan Ringan,Region 2,4,7,3,0.8888888888888888,Yudi Situmorang,KCP Kyai Maja,Kantor Wilayah Jakarta Senayan,Relationship Banking Officer,Junior RB,14,2022-07-08,Yudi Situmorang,3,0.06663098482848907,193975000000.0
RM0009,9,9,0.7170000000000001,0.08855506761332183,1925000000,1925000000.0,Kuliner,Katering,Region 1,6,9,4,1.0,Rian Kusuma,KCP Kyai Maja,Kantor Wilayah Jakarta Senayan,Relationship Banking Officer,Junior RB,9,2019-05-25,Rian Kusuma,3,0.06842377874484112,162275000000.0
RM0010,6,5,0.653,0.09073918668359332,1475000000,1400000000.0,Transportasi,Ekspedisi Kecil,Region 2,3,5,4,0.8333333333333334,Dian Halim,KCP Kyai Maja,Kantor Wilayah Jakarta Senayan,Relationship Banking Officer,Junior RB,7,2017-04-30,Dian Halim (RM0010),0,0.08550902816280055,171750000000.0
RM0011,13,11,0.6696923076923077,0.08279934039127827,3575000000,3275000000.0,Jasa,Warung Makan,Region 4,5,10,4,0.8461538461538461,Krisna Permana,KCP Kyai Maja,Kantor Wilayah Jakarta Senayan,Relationship Banking Officer,Junior RB,14,2021-04-17,Krisna Permana (RM0011),3,0.07509559645704464,237625000000.0
RM0012,14,12,0.6817142857142857,0.11385174473946275,5650000000,5350000000.0,Kuliner,Furniture,Region 4,6,10,4,0.8571428571428571,Irfan Siregar,KC Gatot Subroto,Kantor Wilayah Jakarta Senayan,Relationship Banking Officer,Senior RB,15,2015-08-03,Irfan Siregar,1,0.08453399990814475,328475000000.0
RM0013,11,9,0.6564545454545455,0.14957096217940408,4050000000,3800000000.0,Transportasi,Rental Kendaraan,Region 3,5,10,4,0.8181818181818182,Indah Pratama,KC Gatot Subroto,Kantor Wilayah Jakarta Senayan,Relationship Banking Officer,Senior RB,12,2024-10-31,Indah Pratama,0,0.07986380674217029,291275000000.0
RM0014,10,8,0.6666000000000001,0.10982025718822958,4350000000,3500000000.0,Kuliner,Distributor Elektronik,Region 4,5,7,3,0.8,Ayu Halim,KC Gatot Subroto,Kantor Wilayah Jakarta Senayan,Relationship Banking Officer,Junior RB,15,2016-06-07,Ayu Halim,1,0.0650258835014586,235525000000.0
RM0015,9,8,0.7165555555555555,0.11348580430070439,2800000000,2300000000.0,Jasa,Jasa Konstruksi Kecil,Region 4,4,8,4,0.8888888888888888,Slamet Situmorang,KCP Prof. Supomo Tebet,Kantor Wilayah Jakarta Senayan,Relationship Banking Officer,Senior RB,15,2023-11-29,Slamet Situmorang,1,0.06804102619315085,188300000000.0
RM0016,14,11,0.6472857142857144,0.1421031199632742,3050000000,2400000000.0,Pertanian,Peternakan Ayam,Region 3,5,10,3,0.7857142857142857,Fauzi Rahman,KCP Prof. Supomo Tebet,Kantor Wilayah Jakarta Senayan,Relationship Banking Officer,Senior RB,18,2017-12-23,Fauzi Rahman (RM0016),2,0.09774513351867659,263325000000.0
RM0017,8,7,0.668125,0.1559509423779524,2700000000,2625000000.0,Manufaktur,Konveksi,Region 3,4,8,3,0.875,Yuni Firmansyah,KCP Prof. Supomo Tebet,Kantor Wilayah Jakarta Senayan,Relationship Banking Officer,Junior RB,9,2025-11-09,Yuni Firmansyah,2,0.0696887931686913,221525000000.0
RM0018,9,7,0.6535555555555556,0.11899591496256409,2925000000,1975000000.0,Kuliner,Katering,Region 3,5,7,4,0.7777777777777778,Nina Gunawan,KCP Prof. Supomo Tebet,Kantor Wilayah Jakarta Senayan,Relationship Banking Officer,Senior RB,12,2025-12-12,Nina Gunawan,1,0.05662688393840858,147000000000.0
RM0019,15,13,0.6997333333333333,0.1571939051284235,7050000000,5300000000.0,Pertanian,Peternakan Ayam,Region 4,6,11,4,0.8666666666666667,Fajar Susanto,KCP Prof. Supomo Tebet,Kantor Wilayah Jakarta Senayan,Relationship Banking Officer,Junior RB,15,2025-02-28,Fajar Susanto,3,0.0930513107687544,389600000000.0
RM0020,8,7,0.690125,0.16269290747557852,950000000,850000000.0,Manufaktur,Rental Kendaraan,Region 4,4,6,3,0.875,Fauzi Handoko,KCP Prof. Supomo Tebet,Kantor Wilayah Jakarta Senayan,Relationship Banking Officer,Junior RB,10,2018-06-20,Fauzi Handoko,0,0.07842650353990271,144275000000.0
RM0021,11,11,0.691,0.05960033556952514,4200000000,4200000000.0,Pertanian,Rental Kendaraan,Region 2,6,8,3,1.0,Wahyu Susanto,KCP Prof. Supomo Tebet,Kantor Wilayah Jakarta Senayan,Relationship Banking Officer,Junior RB,13,2017-09-25,Wahyu Susanto (RM0021),0,0.08402864469363254,285400000000.0
RM0022,17,17,0.7452352941176471,0.0859807605018157,7200000000,7200000000.0,Pertanian,Distributor Hasil Tani,Region 1,6,10,4,1.0,Agus Hidayat,KCP Blok M,Kantor Wilayah Jakarta Senayan,Relationship Banking Officer,Senior RB,22,2017-03-03,Agus Hidayat (RM0022),2,0.09220573340407527,409275000000.0
RM0023,7,6,0.6557142857142857,0.09913242706217833,1675000000,1375000000.0,Kuliner,Bakery,Region 3,4,6,4,0.8571428571428571,Wulan Kusuma,KCP Blok M,Kantor Wilayah Jakarta Senayan,Relationship Banking Officer,Junior RB,9,2022-09-17,Wulan Kusuma,2,0.06555893346666765,138700000000.0
RM0024,14,14,0.7127857142857142,0.057260778053539435,5400000000,5400000000.0,Jasa,Warung Makan,Region 4,6,10,4,1.0,Ayu Saputra,KCP Blok M,Kantor Wilayah Jakarta Senayan,Relationship Banking Officer,Junior RB,18,2023-11-23,Ayu Saputra,0,0.09247821425331486,357325000000.0
RM0025,9,7,0.6395555555555555,0.11633046796853255,3575000000,2275000000.0,Transportasi,Ekspedisi Kecil,Region 3,4,7,4,0.7777777777777778,Doni Simanjuntak,KCP Fatmawati,Kantor Wilayah Jakarta Senayan,Relationship Banking Officer,Junior RB,10,2023-09-18,Doni Simanjuntak,1,0.08257744174343752,197725000000.0
RM0026,8,7,0.702125,0.11320832566556223,1275000000,1175000000.0,Perdagangan,Pengolahan Makanan Ringan,Region 4,6,7,3,0.875,Ayu Setiawan,KCP Fatmawati,Kantor Wilayah Jakarta Senayan,Relationship Banking Officer,Junior RB,12,2023-10-28,Ayu Setiawan,2,0.06408153848635272,125075000000.0
RM0027,22,18,0.6668636363636363,0.13303572576193332,8900000000,7600000000.0,Kuliner,Toko Alat Tulis,Region 2,5,14,4,0.8181818181818182,Dian Pratama,KCP Fatmawati,Kantor Wilayah Jakarta Senayan,Relationship Banking Officer,Senior RB,24,2022-07-13,Dian Pratama (RM0027),1,0.08409985522096357,437850000000.0
RM0028,9,9,0.7466666666666666,0.09852410872471773,3650000000,3650000000.0,Jasa,Toko Alat Tulis,Region 3,5,9,3,1.0,Desi Saputra,KCP Pondok Indah,Kantor Wilayah Jakarta Senayan,Relationship Banking Officer,Junior RB,13,2020-04-05,Desi Saputra,2,0.06812982237662668,254450000000.0
RM0029,17,14,0.6898823529411765,0.10932685074636352,5425000000,4475000000.0,Manufaktur,Pengolahan Makanan Ringan,Region 2,6,12,4,0.8235294117647058,Rizky Siregar,KCP Pondok Indah,Kantor Wilayah Jakarta Senayan,Relationship Banking Officer,Senior RB,20,2016-09-15,Rizky Siregar,1,0.08468011299890534,316375000000.0
RM0030,7,6,0.668,0.12742187148732878,2450000000,2350000000.0,Transportasi,Rental Kendaraan,Region 4,4,6,3,0.8571428571428571,Yanti Susanto,KCP Pondok Indah,Kantor Wilayah Jakarta Senayan,Relationship Banking Officer,Junior RB,9,2016-05-15,Yanti Susanto,0,0.07059303249213236,187900000000.0
RM0031,14,12,0.6603571428571428,0.14117125832060923,5650000000,5300000000.0,Transportasi,Rental Kendaraan,Region 3,6,10,4,0.8571428571428571,Krisna Kurniawan,KCP Pondok Indah,Kantor Wilayah Jakarta Senayan,Relationship Banking Officer,Junior RB,16,2016-04-11,Krisna Kurniawan,3,0.0960092286943135,350575000000.0
RM0032,16,12,0.6670625,0.16451442439291858,3425000000,2050000000.0,Kuliner,Restoran,Region 1,5,9,4,0.75,Nina Tanjung,KCP Cilandak,Kantor Wilayah Jakarta Senayan,Relationship Banking Officer,Junior RB,17,2021-10-25,Nina Tanjung,2,0.08922795381701913,247450000000.0
RM0033,15,12,0.6561333333333333,0.15631189821574532,3325000000,2425000000.0,Manufaktur,Furniture,Region 4,6,10,4,0.8,Retno Situmorang,KCP Cilandak,Kantor Wilayah Jakarta Senayan,Relationship Banking Officer,Junior RB,16,2019-03-16,Retno Situmorang,1,0.08580415583828213,230300000000.0
RM0034,10,9,0.6489,0.12913941648036392,3325000000,3250000000.0,Jasa,Rental Kendaraan,Region 3,6,9,3,0.9,Tri Halim,KCP Cilandak,Kantor Wilayah Jakarta Senayan,Relationship Banking Officer,Junior RB,14,2017-03-13,Tri Halim,0,0.08139470955679684,236525000000.0
RM0035,9,8,0.7383333333333333,0.08496469855181032,2575000000,1575000000.0,Jasa,Jasa Konstruksi Kecil,Region 3,6,8,4,0.8888888888888888,Andi Suryadi,KCP Cilandak,Kantor Wilayah Jakarta Senayan,Relationship Banking Officer,Senior RB,13,2015-06-17,Andi Suryadi (RM0035),3,0.07011327323921317,171200000000.0
RM0036,16,14,0.694125,0.10841947856973548,3775000000,2875000000.0,Jasa,Toko Sembako,Region 1,5,13,4,0.875,Indah Tanjung,KCP Cilandak,Kantor Wilayah Jakarta Senayan,Relationship Banking Officer,Senior RB,20,2025-02-10,Indah Tanjung,2,0.08055162081732761,244150000000.0
RM0037,3,3,0.6629999999999999,0.09968450230602546,675000000,675000000.0,Jasa,Laundry,Region 1,3,3,3,1.0,Andi Suryadi,KCP Pasar Minggu,Kantor Wilayah Jakarta Senayan,Relationship Banking Officer,Junior RB,9,2017-02-12,Andi Suryadi (RM0037),1,0.030651647257444948,53125000000.0
RM0038,20,17,0.6622,0.10467423148436347,7675000000,7075000000.0,Kuliner,Rental Kendaraan,Region 2,6,12,4,0.85,Wulan Wibowo,KCP Pasar Minggu,Kantor Wilayah Jakarta Senayan,Relationship Banking Officer,Senior RB,23,2025-06-08,Wulan Wibowo,2,0.10199285863656467,497700000000.0
RM0039,11,7,0.6353636363636364,0.11548097049061608,2200000000,725000000.0,Kuliner,Warung Makan,Region 3,5,8,4,0.6363636363636364,Desi Hutapea,KCP Pasar Minggu,Kantor Wilayah Jakarta Senayan,Relationship Banking Officer,Junior RB,15,2025-12-02,Desi Hutapea,1,0.07670417538310771,139500000000.0
RM0040,14,12,0.6375000000000001,0.16650929749970764,5075000000,4275000000.0,Transportasi,Ekspedisi Kecil,Region 3,6,10,4,0.8571428571428571,Hadi Firmansyah,KCP Tebet Barat,Kantor Wilayah Jakarta Senayan,Relationship Banking Officer,Senior RB,16,2017-11-12,Hadi Firmansyah,2,0.09896034324650542,380325000000.0
RM0041,7,5,0.6151428571428571,0.13507211477753722,1700000000,650000000.0,Jasa,Distributor Hasil Tani,Region 2,4,6,4,0.7142857142857143,Retno Nugroho,KCP Tebet Barat,Kantor Wilayah Jakarta Senayan,Relationship Banking Officer,Senior RB,12,2018-11-23,Retno Nugroho,3,0.061810620658987694,114950000000.0
RM0042,14,12,0.6517142857142858,0.10269703656231428,6050000000,5750000000.0,Kuliner,Bakery,Region 1,6,9,4,0.8571428571428571,Kartika Firmansyah,KCP Tebet Barat,Kantor Wilayah Jakarta Senayan,Relationship Banking Officer,Senior RB,17,2025-05-04,Kartika Firmansyah,0,0.09515915624968618,368600000000.0
RM0043,5,4,0.6756,0.08334146626979874,2425000000,2325000000.0,Pertanian,Peternakan Ayam,Region 4,4,4,3,0.8,Rudi Rahman,KCP Tebet Barat,Kantor Wilayah Jakarta Senayan,Relationship Banking Officer,Junior RB,6,2019-07-23,Rudi Rahman,3,0.05929131212046007,178475000000.0
RM0044,16,14,0.6995,0.14194365079143204,5325000000,5175000000.0,Perdagangan,Ekspedisi Kecil,Region 2,6,11,4,0.875,Yusuf Kusuma,KCP Tebet Barat,Kantor Wilayah Jakarta Senayan,Relationship Banking Officer,Senior RB,18,2015-05-23,Yusuf Kusuma,2,0.09150034186198619,363500000000.0
RM0045,12,10,0.66225,0.13644854174909513,3025000000,2850000000.0,Kuliner,Pengolahan Makanan Ringan,Region 4,6,9,4,0.8333333333333334,Fitri Rahman,KCP Menteng Raya,Kantor Wilayah Jakarta Kemayoran,Relationship Banking Officer,Junior RB,12,2015-01-24,Fitri Rahman,1,0.0774107981474357,240575000000.0
RM0046,16,15,0.718,0.1298932895367065,7950000000,6950000000.0,Pertanian,Laundry,Region 2,6,9,3,0.9375,Sri Wijaya,KCP Menteng Raya,Kantor Wilayah Jakarta Kemayoran,Relationship Banking Officer,Senior RB,17,2025-11-21,Sri Wijaya (RM0046),0,0.10272181651756467,436950000000.0
RM0047,18,15,0.6556666666666666,0.12011416138285229,8025000000,6975000000.0,Jasa,Distributor Hasil Tani,Region 3,6,13,4,0.8333333333333334,Sutrisno Rahman,KCP Menteng Raya,Kantor Wilayah Jakarta Kemayoran,Relationship Banking Officer,Junior RB,18,2020-11-06,Sutrisno Rahman,0,0.09883867653715314,428950000000.0
RM0048,11,10,0.7070909090909091,0.08427746382687908,4400000000,3650000000.0,Pertanian,Distributor Hasil Tani,Region 4,4,8,3,0.9090909090909091,Indah Simanjuntak,KCP Menteng Raya,Kantor Wilayah Jakarta Kemayoran,Relationship Banking Officer,Junior RB,15,2018-04-11,Indah Simanjuntak,3,0.07498607244884156,230500000000.0
RM0049,24,21,0.6804166666666666,0.11275248639567022,9200000000,8325000000.0,Kuliner,Pengolahan Makanan Ringan,Region 2,6,15,4,0.875,Dian Siregar,KCP Menteng Raya,Kantor Wilayah Jakarta Kemayoran,Relationship Banking Officer,Senior RB,24,2021-01-05,Dian Siregar,1,0.1007345242849793,491575000000.0
RM0050,13,12,0.7320769230769231,0.11276336693748075,5050000000,4550000000.0,Perdagangan,Distributor Elektronik,Region 1,6,11,4,0.9230769230769231,Yuni Suryadi,KCP Menteng Raya,Kantor Wilayah Jakarta Kemayoran,Relationship Banking Officer,Junior RB,15,2023-03-20,Yuni Suryadi,2,0.08715350877779919,293200000000.0
RM0051,7,5,0.6537142857142857,0.1418939912818889,1975000000,1750000000.0,Kuliner,Distributor Hasil Tani,Region 2,5,7,3,0.7142857142857143,Dedi Setiawan,KCP Menteng Raya,Kantor Wilayah Jakarta Kemayoran,Relationship Banking Officer,Junior RB,8,2022-08-08,Dedi Setiawan,3,0.06339024922622202,135750000000.0
RM0052,13,11,0.6646923076923077,0.14070677821589633,6950000000,5850000000.0,Pertanian,Distributor Hasil Tani,Region 2,5,9,4,0.8461538461538461,Novi Setiawan,KCP Gajah Mada,Kantor Wilayah Jakarta Kemayoran,Relationship Banking Officer,Junior RB,16,2021-12-10,Novi Setiawan,0,0.10140703746560924,438850000000.0
RM0053,13,11,0.658923076923077,0.14574490359212194,4275000000,3975000000.0,Transportasi,Furniture,Region 1,5,8,4,0.8461538461538461,Retno Firmansyah,KCP Gajah Mada,Kantor Wilayah Jakarta Kemayoran,Relationship Banking Officer,Junior RB,17,2021-09-18,Retno Firmansyah,2,0.08949595267688439,300300000000.0
RM0054,11,7,0.6278181818181818,0.1539297360368153,4800000000,3900000000.0,Perdagangan,Rental Kendaraan,Region 1,4,8,4,0.6363636363636364,Fauzi Setiawan,KCP Gajah Mada,Kantor Wilayah Jakarta Kemayoran,Relationship Banking Officer,Senior RB,12,2020-07-15,Fauzi Setiawan,0,0.0770229892050563,275850000000.0
RM0055,19,15,0.6896842105263158,0.14952742321192347,7325000000,5450000000.0,Perdagangan,Grosir Pakaian,Region 2,6,14,4,0.7894736842105263,Dewi Saputra,KCP Gajah Mada,Kantor Wilayah Jakarta Kemayoran,Relationship Banking Officer,Senior RB,25,2015-05-21,Dewi Saputra,1,0.08606089120866711,349425000000.0
RM0056,11,9,0.6546363636363636,0.15275161061492787,2775000000,2575000000.0,Jasa,Percetakan,Region 2,5,9,4,0.8181818181818182,Maya Wibowo,KCP Pecenongan,Kantor Wilayah Jakarta Kemayoran,Relationship Banking Officer,Junior RB,11,2017-10-02,Maya Wibowo,1,0.05584827806906168,155750000000.0
RM0057,16,14,0.655125,0.13534394457578566,4150000000,3900000000.0,Jasa,Percetakan,Region 1,6,13,4,0.875,Andi Hutapea,KCP Pecenongan,Kantor Wilayah Jakarta Kemayoran,Relationship Banking Officer,Senior RB,19,2021-03-09,Andi Hutapea,1,0.08517011972233433,288375000000.0
RM0058,6,5,0.6553333333333333,0.12129578173484298,1900000000,900000000.0,Perdagangan,Distributor Hasil Tani,Region 3,4,5,3,0.8333333333333334,Ratna Nugroho,KCP Pecenongan,Kantor Wilayah Jakarta Kemayoran,Relationship Banking Officer,Junior RB,9,2017-04-21,Ratna Nugroho,1,0.05926734742067453,95575000000.0
RM0059,17,14,0.6904705882352941,0.12273554784935924,3925000000,3700000000.0,Kuliner,Warung Makan,Region 3,6,12,4,0.8235294117647058,Rita Wijaya,KCP Pecenongan,Kantor Wilayah Jakarta Kemayoran,Relationship Banking Officer,Senior RB,20,2023-04-08,Rita Wijaya,2,0.09664300589526512,304650000000.0
RM0060,17,13,0.658,0.11560601195439622,4850000000,3700000000.0,Jasa,Rental Kendaraan,Region 4,6,11,4,0.7647058823529411,Siti Nugroho,KCP Pecenongan,Kantor Wilayah Jakarta Kemayoran,Relationship Banking Officer,Senior RB,20,2016-07-04,Siti Nugroho (RM0060),3,0.0981369259468607,310825000000.0
RM0061,8,7,0.70275,0.12359004814304429,1650000000,1575000000.0,Kuliner,Warung Makan,Region 3,5,7,4,0.875,Ahmad Siregar,KCP Pecenongan,Kantor Wilayah Jakarta Kemayoran,Relationship Banking Officer,Junior RB,8,2019-11-24,Ahmad Siregar,0,0.06900997370612673,153500000000.0
RM0062,8,7,0.71675,0.12157860479071614,3100000000,3025000000.0,Jasa,Jasa Konstruksi Kecil,Region 4,5,6,4,0.875,Fitri Kurniawan,KCP Pecenongan,Kantor Wilayah Jakarta Kemayoran,Relationship Banking Officer,Senior RB,11,2023-12-16,Fitri Kurniawan,3,0.06262688775791528,223375000000.0
RM0063,9,8,0.67,0.11703311497178906,2725000000,2625000000.0,Transportasi,Ekspedisi Kecil,Region 2,4,7,3,0.8888888888888888,Rian Siregar,KCP Kramat Raya,Kantor Wilayah Jakarta Kemayoran,Relationship Banking Officer,Junior RB,11,2025-01-28,Rian Siregar,2,0.08057933827495933,245550000000.0
RM0064,12,9,0.63675,0.15991936888774463,4325000000,2250000000.0,Transportasi,Restoran,Region 2,6,7,4,0.75,Anggi Firmansyah,KCP Kramat Raya,Kantor Wilayah Jakarta Kemayoran,Relationship Banking Officer,Senior RB,17,2016-06-27,Anggi Firmansyah,2,0.07604270904037921,192325000000.0
RM0065,13,13,0.706076923076923,0.11274119443698,1775000000,1775000000.0,Pertanian,Distributor Hasil Tani,Region 1,6,9,4,1.0,Eko Rahman,KCP Kramat Raya,Kantor Wilayah Jakarta Kemayoran,Relationship Banking Officer,Junior RB,16,2020-01-26,Eko Rahman,3,0.09445715208680555,227075000000.0
RM0066,8,8,0.68325,0.07913776414762878,2650000000,2650000000.0,Transportasi,Rental Kendaraan,Region 3,4,5,3,1.0,Wahyu Susanto,KCP Kramat Raya,Kantor Wilayah Jakarta Kemayoran,Relationship Banking Officer,Junior RB,9,2016-05-28,Wahyu Susanto (RM0066),0,0.07592707791570096,201000000000.0
RM0067,13,11,0.6593076923076923,0.1096793695394175,3300000000,2475000000.0,Pertanian,Peternakan Ayam,Region 2,5,10,4,0.8461538461538461,Ika Wibowo,KCP Kramat Raya,Kantor Wilayah Jakarta Kemayoran,Relationship Banking Officer,Senior RB,14,2020-05-07,Ika Wibowo,0,0.08584663991180842,235450000000.0
RM0068,7,6,0.6859999999999999,0.16624780700308,2050000000,1300000000.0,Perdagangan,Distributor Bahan Bangunan,Region 3,4,5,4,0.8571428571428571,Rian Hidayat,KCP Kramat Raya,Kantor Wilayah Jakarta Kemayoran,Relationship Banking Officer,Junior RB,8,2023-11-25,Rian Hidayat,1,0.0503545534205564,104950000000.0
RM0069,4,4,0.68825,0.0681487343976394,1500000000,1500000000.0,Perdagangan,Grosir Pakaian,Region 3,2,3,2,1.0,Joko Santoso,KCP Kramat Raya,Kantor Wilayah Jakarta Kemayoran,Relationship Banking Officer,Junior RB,8,2024-11-12,Joko Santoso,2,0.03316364109257988,84050000000.0
RM0070,9,7,0.6491111111111112,0.13797413203608536,3225000000,3125000000.0,Kuliner,Restoran,Region 2,5,8,4,0.7777777777777778,Dimas Saputra,KC Sudirman,Kantor Wilayah Jakarta Kemayoran,Relationship Banking Officer,Junior RB,10,2020-01-29,Dimas Saputra,1,0.06257347629535097,177525000000.0
RM0071,10,10,0.6973,0.07492522198091166,3250000000,3250000000.0,Jasa,Percetakan,Region 3,4,6,4,1.0,Yudi Susanto,KC Sudirman,Kantor Wilayah Jakarta Kemayoran,Relationship Banking Officer,Junior RB,11,2015-01-29,Yudi Susanto,3,0.06682717209092436,200700000000.0
RM0072,9,8,0.6542222222222223,0.11720471169899463,3075000000,3000000000.0,Pertanian,Distributor Hasil Tani,Region 2,5,8,4,0.8888888888888888,Rian Tanjung,KC Sudirman,Kantor Wilayah Jakarta Kemayoran,Relationship Banking Officer,Senior RB,12,2018-11-12,Rian Tanjung,3,0.07591212356959635,207800000000.0
RM0073,14,14,0.7546428571428571,0.049300658667556826,5425000000,5425000000.0,Kuliner,Ekspedisi Kecil,Region 1,5,12,4,1.0,Fajar Halim,KC Sudirman,Kantor Wilayah Jakarta Kemayoran,Relationship Banking Officer,Senior RB,17,2021-08-19,Fajar Halim,1,0.06936451546736928,282150000000.0
RM0074,8,7,0.720875,0.09136651074498954,2575000000,2425000000.0,Transportasi,Rental Kendaraan,Region 3,5,7,4,0.875,Ika Suryadi,KC Sudirman,Kantor Wilayah Jakarta Kemayoran,Relationship Banking Officer,Junior RB,8,2023-08-07,Ika Suryadi,3,0.06490699489647472,183875000000.0
RM0075,7,7,0.7017142857142857,0.09335365425040826,2575000000,2575000000.0,Jasa,Bengkel,Region 2,4,7,4,1.0,Novi Tanjung,KC Sudirman,Kantor Wilayah Jakarta Kemayoran,Relationship Banking Officer,Junior RB,9,2018-02-22,Novi Tanjung (RM0075),1,0.0562767466390857,165000000000.0
RM0076,4,3,0.67875,0.17316153344974355,1525000000,775000000.0,Pertanian,Warung Makan,Region 3,3,4,2,0.75,Tri Nugroho,KC Sudirman,Kantor Wilayah Jakarta Kemayoran,Relationship Banking Officer,Junior RB,5,2024-10-19,Tri Nugroho,3,0.05916430301235944,100150000000.0
RM0077,7,7,0.6774285714285714,0.08274027061203258,3050000000,3050000000.0,Kuliner,Bakery,Region 1,4,7,4,1.0,Rudi Firmansyah,KCP Cikini,Kantor Wilayah Jakarta Kemayoran,Relationship Banking Officer,Junior RB,10,2021-02-12,Rudi Firmansyah (RM0077),1,0.06829860743596672,186075000000.0
RM0078,14,12,0.6715,0.11192081678923377,3500000000,3375000000.0,Kuliner,Jasa Konstruksi Kecil,Region 4,6,11,4,0.8571428571428571,Gunawan Rahman,KCP Cikini,Kantor Wilayah Jakarta Kemayoran,Relationship Banking Officer,Junior RB,16,2024-08-06,Gunawan Rahman,3,0.08630927865211296,262575000000.0
RM0079,14,12,0.6942142857142857,0.11664092075941612,3200000000,2500000000.0,Pertanian,Laundry,Region 1,6,10,4,0.8571428571428571,Krisna Setiawan,KCP Cikini,Kantor Wilayah Jakarta Kemayoran,Relationship Banking Officer,Junior RB,16,2018-05-17,Krisna Setiawan,1,0.09016711780775323,232975000000.0
RM0080,11,10,0.6847272727272727,0.08814316866222922,3450000000,3350000000.0,Perdagangan,Bengkel,Region 4,5,10,4,0.9090909090909091,Siti Lubis,KCP Cikini,Kantor Wilayah Jakarta Kemayoran,Relationship Banking Officer,Junior RB,13,2021-09-24,Siti Lubis,0,0.061621117810914026,196000000000.0
RM0081,13,9,0.6486923076923077,0.15980163986193668,5575000000,3900000000.0,Manufaktur,Peternakan Ayam,Region 4,6,9,4,0.6923076923076923,Dedi Rahman,KCP Cikini,Kantor Wilayah Jakarta Kemayoran,Relationship Banking Officer,Junior RB,14,2025-11-03,Dedi Rahman,3,0.08685440450598916,327125000000.0
RM0082,15,13,0.6874666666666667,0.1170267775625163,4875000000,4050000000.0,Jasa,Peternakan Ayam,Region 3,6,13,4,0.8666666666666667,Andi Susanto,KCP Cikini,Kantor Wilayah Jakarta Kemayoran,Relationship Banking Officer,Junior RB,15,2021-08-09,Andi Susanto,0,0.09550960849757231,349725000000.0
RM0083,15,13,0.6584666666666668,0.11985340251840203,4925000000,4375000000.0,Jasa,Ekspedisi Kecil,Region 4,5,9,4,0.8666666666666667,Wati Lubis,KCP Cikini,Kantor Wilayah Jakarta Kemayoran,Relationship Banking Officer,Junior RB,16,2015-08-03,Wati Lubis (RM0083),1,0.09616484937515836,347975000000.0
RM0084,8,7,0.757875,0.12134536014438886,4025000000,3875000000.0,Perdagangan,Toko Sembako,Region 3,4,7,2,0.875,Yudi Rahman,KCP Cikini,Kantor Wilayah Jakarta Kemayoran,Relationship Banking Officer,Junior RB,12,2020-02-08,Yudi Rahman,2,0.058595821080813563,228475000000.0
RM0085,15,14,0.7166666666666667,0.08277134309708427,4950000000,4750000000.0,Jasa,Jasa Konstruksi Kecil,Region 4,6,10,4,0.9333333333333333,Rian Saputra,KCP Kelapa Gading,Kantor Wilayah Jakarta Kemayoran,Relationship Banking Officer,Junior RB,17,2024-06-17,Rian Saputra (RM0085),2,0.0781642605045926,319175000000.0
RM0086,8,7,0.687625,0.08810535495319549,3525000000,3025000000.0,Pertanian,Peternakan Ayam,Region 1,5,7,3,0.875,Andi Simanjuntak,KCP Kelapa Gading,Kantor Wilayah Jakarta Kemayoran,Relationship Banking Officer,Junior RB,11,2017-01-12,Andi Simanjuntak,0,0.07361623829956868,199950000000.0
RM0087,13,13,0.7064615384615384,0.04572675253542392,3275000000,3275000000.0,Manufaktur,Warung Makan,Region 2,5,9,4,1.0,Bayu Lubis,KCP Kelapa Gading,Kantor Wilayah Jakarta Kemayoran,Relationship Banking Officer,Senior RB,15,2017-10-29,Bayu Lubis,1,0.06940729630784176,236600000000.0
RM0088,16,12,0.67775,0.1627736669939787,7175000000,5450000000.0,Perdagangan,Distributor Hasil Tani,Region 2,6,12,4,0.75,Yanti Suryadi,KCP Pluit,Kantor Wilayah Jakarta Kemayoran,Relationship Banking Officer,Junior RB,18,2025-09-13,Yanti Suryadi,2,0.09541623259724172,349200000000.0
RM0089,6,6,0.6713333333333332,0.08685773809319852,2075000000,2075000000.0,Manufaktur,Pengolahan Makanan Ringan,Region 2,4,5,3,1.0,Taufik Wijaya,KCP Pluit,Kantor Wilayah Jakarta Kemayoran,Relationship Banking Officer,Junior RB,10,2015-08-05,Taufik Wijaya,3,0.0539045744865505,127725000000.0
RM0090,15,14,0.7051333333333333,0.08114965598612645,5000000000,4850000000.0,Transportasi,Ekspedisi Kecil,Region 4,6,10,4,0.9333333333333333,Indah Halim,KCP Pluit,Kantor Wilayah Jakarta Kemayoran,Relationship Banking Officer,Junior RB,16,2020-05-14,Indah Halim,3,0.1001781013373309,347875000000.0
RM0091,14,13,0.707,0.09753027143484146,2875000000,2725000000.0,Jasa,Ekspedisi Kecil,Region 4,5,10,4,0.9285714285714286,Yuni Permana,KCP Pluit,Kantor Wilayah Jakarta Kemayoran,Relationship Banking Officer,Senior RB,18,2025-12-06,Yuni Permana,2,0.0845952216148554,250025000000.0
RM0092,6,6,0.7083333333333334,0.08308710289007955,2350000000,2350000000.0,Jasa,Furniture,Region 3,3,5,4,1.0,Wahyu Setiawan,KCP Pluit,Kantor Wilayah Jakarta Kemayoran,Relationship Banking Officer,Senior RB,11,2017-01-06,Wahyu Setiawan (RM0092),2,0.050295819111634416,153225000000.0
RM0093,12,11,0.7051666666666666,0.11694352431318239,5200000000,4200000000.0,Jasa,Jasa Konstruksi Kecil,Region 2,5,9,4,0.9166666666666666,Yusuf Siregar,KCP Pluit,Kantor Wilayah Jakarta Kemayoran,Relationship Banking Officer,Junior RB,13,2024-03-13,Yusuf Siregar,1,0.07704372814339444,263450000000.0
RM0094,11,8,0.6457272727272727,0.1546144177682605,3775000000,3350000000.0,Transportasi,Ekspedisi Kecil,Region 1,6,8,4,0.7272727272727273,Yusuf Saputra,KCP Pluit,Kantor Wilayah Jakarta Kemayoran,Relationship Banking Officer,Senior RB,15,2019-11-17,Yusuf Saputra,1,0.08667061707914533,270425000000.0
RM0095,12,7,0.5731666666666667,0.20011852548533393,6625000000,3500000000.0,Kuliner,Toko Alat Tulis,Region 4,5,10,4,0.5833333333333334,Indah Susanto,KCP Pluit,Kantor Wilayah Jakarta Kemayoran,Relationship Banking Officer,Senior RB,14,2015-08-25,Indah Susanto,2,0.0830194377813303,244150000000.0
RM0096,12,9,0.6659166666666666,0.14519294894808915,3225000000,2375000000.0,Kuliner,Warung Makan,Region 1,5,9,4,0.75,Sutrisno Panjaitan,KCP Sunter,Kantor Wilayah Jakarta Kemayoran,Relationship Banking Officer,Junior RB,14,2017-10-12,Sutrisno Panjaitan,3,0.08194128987100649,239075000000.0
RM0097,13,12,0.6945384615384615,0.10068069608471408,5050000000,4850000000.0,Manufaktur,Pengolahan Makanan Ringan,Region 1,5,11,4,0.9230769230769231,Fajar Hidayat,KCP Sunter,Kantor Wilayah Jakarta Kemayoran,Relationship Banking Officer,Junior RB,18,2024-12-24,Fajar Hidayat,2,0.08519955092394504,319525000000.0
RM0098,6,5,0.6843333333333333,0.09123522711467685,625000000,575000000.0,Pertanian,Distributor Hasil Tani,Region 3,5,5,3,0.8333333333333334,Agus Hidayat,KCP Sunter,Kantor Wilayah Jakarta Kemayoran,Relationship Banking Officer,Junior RB,14,2020-04-29,Agus Hidayat (RM0098),2,0.054453242956276744,84000000000.0
RM0099,12,11,0.7286666666666667,0.09252943839501551,4525000000,3525000000.0,Manufaktur,Peternakan Ayam,Region 4,6,9,4,0.9166666666666666,Gunawan Panjaitan,KCP Sunter,Kantor Wilayah Jakarta Kemayoran,Relationship Banking Officer,Senior RB,15,2017-09-22,Gunawan Panjaitan,3,0.0703716243603729,230175000000.0
RM0100,22,19,0.6915,0.11948131952018991,5800000000,4250000000.0,Transportasi,Rental Kendaraan,Region 4,6,11,4,0.8636363636363636,Agus Kurniawan,KCP Sunter,Kantor Wilayah Jakarta Kemayoran,Relationship Banking Officer,Senior RB,25,2018-08-29,Agus Kurniawan,1,0.1083262145704091,398550000000.0
RM0101,8,6,0.63125,0.18619709219764188,3000000000,2175000000.0,Pertanian,Percetakan,Region 1,5,6,4,0.75,Wati Tanjung,KCP Sunter,Kantor Wilayah Jakarta Kemayoran,Relationship Banking Officer,Junior RB,9,2021-08-21,Wati Tanjung,3,0.0649855049736465,150875000000.0
RM0102,7,7,0.7008571428571428,0.029162924930057857,2750000000,2750000000.0,Transportasi,Ekspedisi Kecil,Region 2,4,4,3,1.0,Yusuf Santoso,KCP Sunter,Kantor Wilayah Jakarta Kemayoran,Relationship Banking Officer,Junior RB,8,2015-01-31,Yusuf Santoso (RM0102),1,0.07271071294555138,210750000000.0
RM0103,6,5,0.7093333333333334,0.12857319575505097,2050000000,1850000000.0,Jasa,Jasa Konstruksi Kecil,Region 2,5,5,4,0.8333333333333334,Maya Santoso,KCP Kelapa Gading Bukit,Kantor Wilayah Jakarta Kemayoran,Relationship Banking Officer,Junior RB,9,2023-12-03,Maya Santoso,0,0.050718091218968746,110925000000.0
RM0104,15,11,0.6181333333333333,0.14888435908769054,5050000000,3675000000.0,Transportasi,Ekspedisi Kecil,Region 4,6,11,4,0.7333333333333333,Krisna Permana,KCP Kelapa Gading Bukit,Kantor Wilayah Jakarta Kemayoran,Relationship Banking Officer,Senior RB,19,2020-03-20,Krisna Permana (RM0104),1,0.10018663453966005,313025000000.0
RM0105,10,8,0.6625,0.12950782902117453,3950000000,3725000000.0,Perdagangan,Toko Sembako,Region 3,5,9,4,0.8,Desi Susanto,KCP Kelapa Gading Bukit,Kantor Wilayah Jakarta Kemayoran,Relationship Banking Officer,Senior RB,13,2019-05-24,Desi Susanto,1,0.05646402472528488,188750000000.0
RM0106,22,16,0.6490454545454546,0.1271169230323489,10500000000,7025000000.0,Pertanian,Furniture,Region 3,6,14,4,0.7272727272727273,Rina Siregar,KCP Kelapa Gading Bukit,Kantor Wilayah Jakarta Kemayoran,Relationship Banking Officer,Senior RB,22,2024-03-06,Rina Siregar (RM0106),0,0.10290662766241343,479500000000.0
RM0107,7,6,0.6985714285714285,0.12288186351513546,1400000000,650000000.0,Pertanian,Distributor Hasil Tani,Region 1,3,4,4,0.8571428571428571,Dewi Situmorang,KCP Kelapa Gading Bukit,Kantor Wilayah Jakarta Kemayoran,Relationship Banking Officer,Junior RB,11,2022-11-12,Dewi Situmorang,0,0.07144627491330376,109825000000.0
RM0108,20,17,0.6972,0.11478795095396781,7850000000,7400000000.0,Kuliner,Toko Alat Tulis,Region 1,6,14,4,0.85,Krisna Gunawan,KCP Kelapa Gading Bukit,Kantor Wilayah Jakarta Kemayoran,Relationship Banking Officer,Senior RB,25,2015-04-27,Krisna Gunawan,2,0.0906880472173604,444350000000.0
RM0109,12,7,0.6168333333333333,0.13631969999255647,4150000000,1975000000.0,Manufaktur,Peternakan Ayam,Region 4,6,8,4,0.5833333333333334,Krisna Suryadi,KCP Kelapa Gading Bukit,Kantor Wilayah Jakarta Kemayoran,Relationship Banking Officer,Junior RB,17,2015-04-11,Krisna Suryadi,0,0.09066441024584353,216125000000.0
RM0110,7,5,0.652,0.11339900058348543,1950000000,1150000000.0,Perdagangan,Distributor Elektronik,Region 2,4,6,4,0.7142857142857143,Irfan Tanjung,KCP Kelapa Gading Bukit,Kantor Wilayah Jakarta Kemayoran,Relationship Banking Officer,Junior RB,8,2021-03-18,Irfan Tanjung,1,0.048680137275207716,105050000000.0
RM0111,8,5,0.601125,0.1501755520335165,3250000000,2200000000.0,Kuliner,Katering,Region 2,4,6,3,0.625,Hendra Panjaitan,KCP Daan Mogot,Kantor Wilayah Jakarta BSD,Relationship Banking Officer,Junior RB,9,2019-12-11,Hendra Panjaitan,3,0.04248152519799233,135375000000.0
RM0112,15,15,0.7159333333333334,0.08656910259330129,4375000000,4375000000.0,Kuliner,Restoran,Region 2,6,9,4,1.0,Slamet Setiawan,KCP Daan Mogot,Kantor Wilayah Jakarta BSD,Relationship Banking Officer,Senior RB,18,2025-06-01,Slamet Setiawan,1,0.07475167369172445,280075000000.0
RM0113,8,8,0.728625,0.05381167557855289,2825000000,2825000000.0,Manufaktur,Distributor Hasil Tani,Region 3,6,8,4,1.0,Suryani Santoso,KCP Daan Mogot,Kantor Wilayah Jakarta BSD,Relationship Banking Officer,Junior RB,9,2015-07-27,Suryani Santoso,0,0.06838931447264172,202525000000.0
RM0114,11,11,0.7108181818181818,0.06751565475031429,2500000000,2500000000.0,Perdagangan,Ekspedisi Kecil,Region 1,5,8,3,1.0,Fauzi Panjaitan,KCP Cengkareng,Kantor Wilayah Jakarta BSD,Relationship Banking Officer,Junior RB,13,2025-10-25,Fauzi Panjaitan,1,0.07368838067188599,226175000000.0
RM0115,6,4,0.5616666666666666,0.21857691247400002,1500000000,925000000.0,Pertanian,Peternakan Ayam,Region 2,4,5,3,0.6666666666666666,Wulan Wijaya,KCP Cengkareng,Kantor Wilayah Jakarta BSD,Relationship Banking Officer,Junior RB,8,2017-11-15,Wulan Wijaya,0,0.06389919674138737,115825000000.0
RM0116,8,7,0.724,0.12337746958014659,2650000000,1900000000.0,Jasa,Percetakan,Region 1,5,8,4,0.875,Dewi Hutapea,KCP Cengkareng,Kantor Wilayah Jakarta BSD,Relationship Banking Officer,Senior RB,10,2018-01-04,Dewi Hutapea (RM0116),1,0.06725176034188009,162250000000.0
RM0117,10,7,0.653,0.13958350746257794,4675000000,2925000000.0,Kuliner,Distributor Hasil Tani,Region 3,5,7,4,0.7,Yudi Saputra,KCP Cengkareng,Kantor Wilayah Jakarta BSD,Relationship Banking Officer,Junior RB,11,2019-11-07,Yudi Saputra,3,0.08414899107711608,270375000000.0
RM0118,14,13,0.7022142857142857,0.1079673587222108,3675000000,3600000000.0,Perdagangan,Ekspedisi Kecil,Region 3,5,13,4,0.9285714285714286,Slamet Wijaya,KCP Cengkareng,Kantor Wilayah Jakarta BSD,Relationship Banking Officer,Junior RB,17,2020-12-31,Slamet Wijaya,1,0.09065365024110682,314850000000.0
RM0119,10,10,0.7382,0.0876378913484345,1825000000,1825000000.0,Jasa,Percetakan,Region 1,6,9,3,1.0,Hendra Rahman,KCP Cengkareng,Kantor Wilayah Jakarta BSD,Relationship Banking Officer,Senior RB,10,2025-03-14,Hendra Rahman,2,0.07181144529615825,188650000000.0
RM0120,9,8,0.6938888888888889,0.12814195687249008,4475000000,3725000000.0,Perdagangan,Ekspedisi Kecil,Region 3,5,9,4,0.8888888888888888,Slamet Suryadi,KCP Kedoya,Kantor Wilayah Jakarta BSD,Relationship Banking Officer,Junior RB,15,2015-04-09,Slamet Suryadi,2,0.06250768853548105,210600000000.0
RM0121,15,14,0.7147333333333333,0.08656580211167743,5100000000,5025000000.0,Kuliner,Distributor Elektronik,Region 2,6,12,4,0.9333333333333333,Dian Suryadi,KCP Kedoya,Kantor Wilayah Jakarta BSD,Relationship Banking Officer,Junior RB,17,2023-04-13,Dian Suryadi (RM0121),1,0.08117196952958952,301475000000.0
RM0122,12,11,0.7066666666666667,0.09891165326449232,4475000000,4400000000.0,Perdagangan,Distributor Hasil Tani,Region 1,6,9,4,0.9166666666666666,Putri Nugroho,KCP Kedoya,Kantor Wilayah Jakarta BSD,Relationship Banking Officer,Junior RB,13,2018-06-03,Putri Nugroho,2,0.0788140848849659,292150000000.0
RM0123,11,7,0.5922727272727273,0.16038334758265332,4350000000,2150000000.0,Manufaktur,Furniture,Region 2,5,8,4,0.6363636363636364,Suryani Simanjuntak,KCP Kedoya,Kantor Wilayah Jakarta BSD,Relationship Banking Officer,Junior RB,11,2015-06-16,Suryani Simanjuntak,2,0.06974071943934196,195100000000.0
RM0124,10,8,0.6525,0.14401176649457811,3325000000,2175000000.0,Manufaktur,Konveksi,Region 3,5,7,4,0.8,Dewi Hutapea,KCP Kedoya,Kantor Wilayah Jakarta BSD,Relationship Banking Officer,Junior RB,11,2018-01-03,Dewi Hutapea (RM0124),1,0.07193438344479736,205400000000.0
RM0125,10,10,0.7214,0.09816561968881414,4200000000,4200000000.0,Perdagangan,Distributor Bahan Bangunan,Region 2,5,7,4,1.0,Ayu Firmansyah,KCP Kedoya,Kantor Wilayah Jakarta BSD,Relationship Banking Officer,Junior RB,14,2016-07-20,Ayu Firmansyah,0,0.06634836149355776,220025000000.0
RM0126,12,9,0.6425833333333334,0.12608904381308064,4050000000,3250000000.0,Perdagangan,Pengolahan Makanan Ringan,Region 1,6,10,4,0.75,Dedi Lubis,KCP Kebon Jeruk,Kantor Wilayah Jakarta BSD,Relationship Banking Officer,Senior RB,15,2015-05-06,Dedi Lubis,2,0.07370958923806055,248050000000.0
RM0127,14,11,0.6437857142857143,0.13938721857938305,4200000000,3825000000.0,Pertanian,Peternakan Ayam,Region 3,6,11,4,0.7857142857142857,Dian Tanjung,KCP Kebon Jeruk,Kantor Wilayah Jakarta BSD,Relationship Banking Officer,Junior RB,15,2019-01-20,Dian Tanjung,1,0.09173178236167207,287075000000.0
RM0128,19,15,0.6562105263157895,0.13437947054986918,7400000000,5350000000.0,Perdagangan,Rental Kendaraan,Region 4,6,14,4,0.7894736842105263,Andi Rahman,KCP Kebon Jeruk,Kantor Wilayah Jakarta BSD,Relationship Banking Officer,Senior RB,21,2020-02-24,Andi Rahman,1,0.094383988589211,394075000000.0
RM0129,19,17,0.6873684210526316,0.14136603808958573,6625000000,6175000000.0,Jasa,Bengkel,Region 3,6,12,4,0.8947368421052632,Agus Setiawan,KCP Kebon Jeruk,Kantor Wilayah Jakarta BSD,Relationship Banking Officer,Senior RB,23,2024-05-22,Agus Setiawan,2,0.09534026527074177,418275000000.0
RM0130,11,9,0.6453636363636364,0.10326013047374359,3525000000,3375000000.0,Kuliner,Katering,Region 4,6,9,4,0.8181818181818182,Anggi Nugroho,KCP Kebon Jeruk,Kantor Wilayah Jakarta BSD,Relationship Banking Officer,Junior RB,16,2021-11-25,Anggi Nugroho,0,0.08394581456647576,237975000000.0
RM0131,7,7,0.76,0.07660069625445098,2125000000,2125000000.0,Perdagangan,Rental Kendaraan,Region 2,4,6,4,1.0,Irfan Setiawan,KCP Kebon Jeruk,Kantor Wilayah Jakarta BSD,Relationship Banking Officer,Junior RB,9,2023-12-04,Irfan Setiawan,2,0.048602153436087696,119600000000.0
RM0132,11,9,0.6669090909090909,0.14051936133177842,5375000000,4875000000.0,Manufaktur,Grosir Pakaian,Region 4,4,7,3,0.8181818181818182,Gunawan Wijaya,KCP Kebon Jeruk,Kantor Wilayah Jakarta BSD,Relationship Banking Officer,Junior RB,16,2019-08-10,Gunawan Wijaya (RM0132),3,0.07481988854344951,290350000000.0
RM0133,5,4,0.6492,0.10947237094353993,1950000000,1750000000.0,Pertanian,Peternakan Ayam,Region 4,3,4,3,0.8,Agus Tanjung,KCP Puri Indah,Kantor Wilayah Jakarta BSD,Relationship Banking Officer,Junior RB,6,2018-10-12,Agus Tanjung,2,0.05787336882436511,138525000000.0
RM0134,14,12,0.6569285714285714,0.13367668474328662,4825000000,4225000000.0,Transportasi,Ekspedisi Kecil,Region 4,5,10,4,0.8571428571428571,Fauzi Wijaya,KCP Puri Indah,Kantor Wilayah Jakarta BSD,Relationship Banking Officer,Junior RB,16,2025-03-28,Fauzi Wijaya (RM0134),2,0.10488810754960397,359975000000.0
RM0135,9,7,0.6568888888888889,0.13290169717167316,2750000000,1550000000.0,Pertanian,Distributor Hasil Tani,Region 4,5,8,4,0.7777777777777778,Ayu Pratama,KCP Puri Indah,Kantor Wilayah Jakarta BSD,Relationship Banking Officer,Senior RB,19,2025-08-27,Ayu Pratama,0,0.07298545613163997,169450000000.0
RM0136,10,7,0.6469,0.1460125184891883,3775000000,3025000000.0,Manufaktur,Konveksi,Region 4,3,6,4,0.7,Joko Situmorang,KCP Puri Indah,Kantor Wilayah Jakarta BSD,Relationship Banking Officer,Senior RB,10,2018-10-01,Joko Situmorang,2,0.06119104895566159,192375000000.0
RM0137,22,18,0.6799545454545455,0.10735099408359447,7750000000,6150000000.0,Perdagangan,Peternakan Ayam,Region 4,6,13,4,0.8181818181818182,Krisna Saputra,KCP Puri Indah,Kantor Wilayah Jakarta BSD,Relationship Banking Officer,Senior RB,25,2025-01-05,Krisna Saputra (RM0137),1,0.10557845532112832,416075000000.0
RM0138,13,11,0.6783076923076923,0.15836949654493895,3675000000,3425000000.0,Pertanian,Distributor Hasil Tani,Region 3,6,10,4,0.8461538461538461,Nina Hidayat,KCP Tangerang Kota,Kantor Wilayah Jakarta BSD,Relationship Banking Officer,Senior RB,14,2022-10-20,Nina Hidayat,0,0.0899006557709845,289050000000.0
RM0139,5,3,0.6526,0.20553539841107657,1600000000,900000000.0,Manufaktur,Distributor Hasil Tani,Region 3,3,4,4,0.6,Indah Hidayat,KCP Tangerang Kota,Kantor Wilayah Jakarta BSD,Relationship Banking Officer,Junior RB,6,2023-03-16,Indah Hidayat,0,0.05218071329600337,90250000000.0
RM0140,12,12,0.72125,0.07583130200409567,2900000000,2900000000.0,Pertanian,Peternakan Ayam,Region 4,5,10,4,1.0,Bambang Lubis,KCP Tangerang Kota,Kantor Wilayah Jakarta BSD,Relationship Banking Officer,Senior RB,12,2024-09-06,Bambang Lubis,3,0.07181835663150578,208750000000.0
RM0141,11,8,0.6654545454545455,0.17366598033948027,3750000000,2400000000.0,Transportasi,Ekspedisi Kecil,Region 1,5,8,4,0.7272727272727273,Suryani Situmorang,KCP Tangerang Kota,Kantor Wilayah Jakarta BSD,Relationship Banking Officer,Junior RB,14,2025-05-06,Suryani Situmorang,2,0.08206174252118006,195325000000.0
RM0142,10,7,0.6227,0.1793829237506551,2700000000,1800000000.0,Jasa,Pengolahan Makanan Ringan,Region 2,5,9,4,0.7,Dedi Saputra,KCP Tangerang Kota,Kantor Wilayah Jakarta BSD,Relationship Banking Officer,Junior RB,10,2020-04-01,Dedi Saputra (RM0142),2,0.08178551220480755,174000000000.0
RM0143,8,7,0.648,0.12515818562351974,2425000000,2225000000.0,Kuliner,Warung Makan,Region 2,5,7,3,0.875,Irfan Nugroho,KCP Tangerang Kota,Kantor Wilayah Jakarta BSD,Relationship Banking Officer,Junior RB,10,2021-11-28,Irfan Nugroho,1,0.0758149914940429,189150000000.0
RM0144,16,13,0.651,0.14176600438751175,6550000000,6250000000.0,Perdagangan,Furniture,Region 4,6,11,4,0.8125,Dimas Tanjung,KCP Tangerang Kota,Kantor Wilayah Jakarta BSD,Relationship Banking Officer,Senior RB,20,2017-02-05,Dimas Tanjung,3,0.07454416640730976,362750000000.0
RM0145,18,15,0.6568888888888889,0.14742451264326625,6300000000,6000000000.0,Pertanian,Distributor Hasil Tani,Region 4,6,12,4,0.8333333333333334,Ratna Permana,KCP Karawaci,Kantor Wilayah Jakarta BSD,Relationship Banking Officer,Senior RB,22,2025-02-15,Ratna Permana,3,0.10609062760688172,437275000000.0
RM0146,17,14,0.6817647058823529,0.12204175996957185,7000000000,5450000000.0,Manufaktur,Distributor Hasil Tani,Region 4,6,10,4,0.8235294117647058,Agus Rahman,KCP Karawaci,Kantor Wilayah Jakarta BSD,Relationship Banking Officer,Senior RB,23,2020-12-07,Agus Rahman,0,0.08932959813741957,321950000000.0
RM0147,6,4,0.5658333333333333,0.12305676197050963,2250000000,1000000000.0,Transportasi,Ekspedisi Kecil,Region 2,3,5,3,0.6666666666666666,Anton Permana,KCP Karawaci,Kantor Wilayah Jakarta BSD,Relationship Banking Officer,Junior RB,6,2015-10-03,Anton Permana,2,0.07725890122819638,155050000000.0
RM0148,11,10,0.6964545454545455,0.1359436380536902,2775000000,2575000000.0,Pertanian,Peternakan Ayam,Region 4,4,8,4,0.9090909090909091,Wati Situmorang,KCP Karawaci,Kantor Wilayah Jakarta BSD,Relationship Banking Officer,Junior RB,17,2023-02-05,Wati Situmorang,0,0.10162982959235639,276525000000.0
RM0149,5,4,0.7128,0.10670848138737618,1075000000,1025000000.0,Transportasi,Ekspedisi Kecil,Region 1,3,4,3,0.8,Dedi Permana,KCP Karawaci,Kantor Wilayah Jakarta BSD,Relationship Banking Officer,Junior RB,5,2017-09-15,Dedi Permana,2,0.05494956089233838,110475000000.0
RM0150,11,10,0.6556363636363636,0.11557272405483288,3800000000,3750000000.0,Pertanian,Ekspedisi Kecil,Region 2,5,8,4,0.9090909090909091,Joko Panjaitan,KCP Karawaci,Kantor Wilayah Jakarta BSD,Relationship Banking Officer,Junior RB,15,2024-05-29,Joko Panjaitan (RM0150),3,0.07989556639363078,235800000000.0
RM0151,10,9,0.6966,0.10824786372026007,2350000000,2150000000.0,Manufaktur,Furniture,Region 2,6,8,4,0.9,Fauzi Wijaya,KCP Karawaci,Kantor Wilayah Jakarta BSD,Relationship Banking Officer,Senior RB,10,2023-06-22,Fauzi Wijaya (RM0151),1,0.07827899490437312,194225000000.0
RM0152,12,9,0.63925,0.14722717449265574,3975000000,2625000000.0,Jasa,Jasa Konstruksi Kecil,Region 3,6,9,3,0.75,Iwan Gunawan,KCP Cipondoh,Kantor Wilayah Jakarta BSD,Relationship Banking Officer,Junior RB,15,2023-08-01,Iwan Gunawan,0,0.0814971080995041,218775000000.0
RM0153,13,10,0.6476923076923077,0.12533381069194421,5125000000,4075000000.0,Kuliner,Warung Makan,Region 1,5,9,3,0.7692307692307693,Eko Nugroho,KCP Cipondoh,Kantor Wilayah Jakarta BSD,Relationship Banking Officer,Senior RB,13,2025-06-17,Eko Nugroho,3,0.07068215336117525,244175000000.0
RM0154,22,21,0.7056363636363637,0.09766538864166843,7175000000,6425000000.0,Kuliner,Restoran,Region 4,6,11,4,0.9545454545454546,Anggi Wibowo,KCP Cipondoh,Kantor Wilayah Jakarta BSD,Relationship Banking Officer,Senior RB,24,2020-01-09,Anggi Wibowo,1,0.09162143264768356,396175000000.0
RM0155,7,5,0.5911428571428571,0.1846730702001319,2250000000,1550000000.0,Manufaktur,Konveksi,Region 3,5,7,4,0.7142857142857143,Sutrisno Gunawan,KCP Cipondoh,Kantor Wilayah Jakarta BSD,Relationship Banking Officer,Junior RB,7,2016-11-28,Sutrisno Gunawan,3,0.06517555585951652,158925000000.0
RM0156,14,12,0.7047857142857143,0.11724870251631032,4900000000,4650000000.0,Manufaktur,Furniture,Region 2,5,9,4,0.8571428571428571,Fajar Handoko,KCP Cipondoh,Kantor Wilayah Jakarta BSD,Relationship Banking Officer,Senior RB,18,2015-11-24,Fajar Handoko,2,0.08971729877005283,372150000000.0
RM0157,10,8,0.6801999999999999,0.14792776014738485,2025000000,925000000.0,Manufaktur,Percetakan,Region 2,4,8,3,0.8,Iwan Panjaitan,KC BSD,Kantor Wilayah Jakarta BSD,Relationship Banking Officer,Senior RB,11,2016-04-29,Iwan Panjaitan,2,0.05654708856988155,124925000000.0
RM0158,7,6,0.6844285714285715,0.12467806161317657,1375000000,1075000000.0,Manufaktur,Pengolahan Makanan Ringan,Region 4,3,6,4,0.8571428571428571,Wahyu Setiawan,KC BSD,Kantor Wilayah Jakarta BSD,Relationship Banking Officer,Junior RB,7,2017-10-05,Wahyu Setiawan (RM0158),1,0.047162938019851365,96500000000.0
RM0159,5,5,0.693,0.07178091668403239,725000000,725000000.0,Pertanian,Peternakan Ayam,Region 4,4,4,3,1.0,Krisna Permana,KC BSD,Kantor Wilayah Jakarta BSD,Relationship Banking Officer,Junior RB,6,2015-04-23,Krisna Permana (RM0159),3,0.05493912450851081,90325000000.0
RM0160,13,13,0.7338461538461538,0.10735753828046277,3825000000,3825000000.0,Pertanian,Distributor Hasil Tani,Region 1,5,8,4,1.0,Yusuf Rahman,KC BSD,Kantor Wilayah Jakarta BSD,Relationship Banking Officer,Senior RB,17,2017-09-05,Yusuf Rahman,3,0.08492543882900036,290975000000.0
RM0161,13,12,0.693923076923077,0.09583793745907862,4600000000,3850000000.0,Pertanian,Distributor Hasil Tani,Region 1,6,10,4,0.9230769230769231,Maya Firmansyah,KC BSD,Kantor Wilayah Jakarta BSD,Relationship Banking Officer,Junior RB,15,2021-09-28,Maya Firmansyah,0,0.0899613928524155,298900000000.0
RM0162,12,10,0.6789999999999999,0.10945152517729648,4100000000,3200000000.0,Manufaktur,Distributor Hasil Tani,Region 4,5,7,4,0.8333333333333334,Desi Santoso,KCP Ciputat,Kantor Wilayah Jakarta BSD,Relationship Banking Officer,Junior RB,16,2022-12-26,Desi Santoso (RM0162),0,0.08909362221894221,283300000000.0
RM0163,15,11,0.6483333333333333,0.12083085383334523,5450000000,3675000000.0,Transportasi,Ekspedisi Kecil,Region 3,6,11,3,0.7333333333333333,Irfan Situmorang,KCP Ciputat,Kantor Wilayah Jakarta BSD,Relationship Banking Officer,Junior RB,17,2023-07-30,Irfan Situmorang,2,0.08773527014400084,312800000000.0
RM0164,5,4,0.6404,0.17719001100513537,2100000000,1900000000.0,Pertanian,Konveksi,Region 4,4,5,3,0.8,Yusuf Santoso,KCP Ciputat,Kantor Wilayah Jakarta BSD,Relationship Banking Officer,Junior RB,9,2015-04-16,Yusuf Santoso (RM0164),0,0.05842967687296689,153725000000.0
RM0165,6,5,0.6186666666666666,0.15440034542275696,1525000000,1025000000.0,Pertanian,Distributor Hasil Tani,Region 2,3,4,3,0.8333333333333334,Wahyu Setiawan,KCP Bintaro,Kantor Wilayah Jakarta BSD,Relationship Banking Officer,Junior RB,10,2021-01-20,Wahyu Setiawan (RM0165),0,0.08116550912542056,138325000000.0
RM0166,15,15,0.7226,0.11187416400326115,3675000000,3675000000.0,Manufaktur,Furniture,Region 2,5,9,4,1.0,Fauzi Siregar,KCP Bintaro,Kantor Wilayah Jakarta BSD,Relationship Banking Officer,Senior RB,17,2023-02-26,Fauzi Siregar,2,0.07563938283967718,275100000000.0
RM0167,17,16,0.6995294117647058,0.11677174189795386,5575000000,5500000000.0,Jasa,Laundry,Region 1,6,12,4,0.9411764705882353,Lestari Firmansyah,KCP Bintaro,Kantor Wilayah Jakarta BSD,Relationship Banking Officer,Senior RB,20,2022-08-12,Lestari Firmansyah,2,0.09274177337149878,415525000000.0
RM0168,15,12,0.6704666666666667,0.14945418154388448,4525000000,3675000000.0,Transportasi,Peternakan Ayam,Region 1,6,10,4,0.8,Rina Tanjung,KCP Bintaro,Kantor Wilayah Jakarta BSD,Relationship Banking Officer,Junior RB,16,2015-04-26,Rina Tanjung,0,0.09832523865574049,315350000000.0
RM0169,15,15,0.7260000000000001,0.06173445437632744,7675000000,7675000000.0,Manufaktur,Rental Kendaraan,Region 2,5,8,4,1.0,Dedi Saputra,KCP Bintaro,Kantor Wilayah Jakarta BSD,Relationship Banking Officer,Senior RB,17,2018-02-04,Dedi Saputra (RM0169),0,0.10903712896779612,523875000000.0
RM0170,20,19,0.65835,0.12891256726944816,9750000000,9550000000.0,Jasa,Jasa Konstruksi Kecil,Region 1,6,13,4,0.95,Rian Suryadi,KCP Bintaro,Kantor Wilayah Jakarta BSD,Relationship Banking Officer,Senior RB,23,2024-03-18,Rian Suryadi,3,0.0919049933968612,523850000000.0
RM0171,12,10,0.6686666666666666,0.1295582237194279,2775000000,2400000000.0,Jasa,Percetakan,Region 3,6,10,4,0.8333333333333334,Kartika Setiawan,KCP Bintaro,Kantor Wilayah Jakarta BSD,Relationship Banking Officer,Junior RB,15,2015-10-12,Kartika Setiawan (RM0171),2,0.08534864750602401,214475000000.0
RM0172,16,13,0.6748125,0.13683918481195362,4475000000,3250000000.0,Manufaktur,Warung Makan,Region 3,5,12,4,0.8125,Fitri Simanjuntak,KCP Serpong,Kantor Wilayah Jakarta BSD,Relationship Banking Officer,Senior RB,19,2016-05-20,Fitri Simanjuntak,2,0.09082164207288884,299325000000.0
RM0173,5,4,0.6674,0.09914030461926167,2450000000,1700000000.0,Kuliner,Restoran,Region 3,3,3,3,0.8,Slamet Santoso,KCP Serpong,Kantor Wilayah Jakarta BSD,Relationship Banking Officer,Junior RB,5,2024-02-22,Slamet Santoso,2,0.06171606749797594,141175000000.0
RM0174,6,5,0.6403333333333333,0.12503386208010478,1625000000,1575000000.0,Manufaktur,Laundry,Region 3,4,5,4,0.8333333333333334,Rudi Firmansyah,KCP Serpong,Kantor Wilayah Jakarta BSD,Relationship Banking Officer,Senior RB,11,2025-11-21,Rudi Firmansyah (RM0174),1,0.05386723762803465,121175000000.0
RM0175,12,8,0.6418333333333334,0.1410852954990725,4225000000,2675000000.0,Jasa,Peternakan Ayam,Region 2,5,9,3,0.6666666666666666,Putri Kusuma,KCP Serpong,Kantor Wilayah Jakarta BSD,Relationship Banking Officer,Senior RB,15,2021-10-25,Putri Kusuma,2,0.07854472643985773,238025000000.0
RM0176,15,13,0.6885333333333333,0.08723520477640292,4175000000,4025000000.0,Pertanian,Peternakan Ayam,Region 3,6,11,4,0.8666666666666667,Hadi Simanjuntak,KCP Serpong,Kantor Wilayah Jakarta BSD,Relationship Banking Officer,Junior RB,17,2017-06-20,Hadi Simanjuntak,0,0.09749985747913081,334000000000.0
RM0177,7,6,0.6527142857142857,0.07987639260280907,3075000000,2325000000.0,Kuliner,Bakery,Region 1,4,6,3,0.8571428571428571,Ani Setiawan,KCP Rawamangun,Kantor Wilayah 15 (Jakarta Timur),Relationship Banking Officer,Junior RB,8,2019-03-25,Ani Setiawan (RM0177),1,0.048592879855486326,145800000000.0
RM0178,16,16,0.6951875,0.07681164733727994,7925000000,7925000000.0,Transportasi,Ekspedisi Kecil,Region 3,6,9,4,1.0,Hendra Lubis,KCP Rawamangun,Kantor Wilayah 15 (Jakarta Timur),Relationship Banking Officer,Senior RB,17,2019-10-05,Hendra Lubis,2,0.09809055020689371,521000000000.0
RM0179,11,10,0.6541818181818182,0.12273208071390149,3725000000,3575000000.0,Transportasi,Ekspedisi Kecil,Region 3,5,7,4,0.9090909090909091,Tri Santoso,KCP Rawamangun,Kantor Wilayah 15 (Jakarta Timur),Relationship Banking Officer,Junior RB,12,2023-03-02,Tri Santoso,1,0.08144774762004828,277400000000.0
RM0180,12,9,0.6629166666666667,0.12239092237085183,5175000000,4275000000.0,Perdagangan,Toko Sembako,Region 3,4,8,4,0.75,Indah Suryadi,KCP Rawamangun,Kantor Wilayah 15 (Jakarta Timur),Relationship Banking Officer,Junior RB,15,2017-03-13,Indah Suryadi,3,0.07431037044977025,251075000000.0
RM0181,12,10,0.71625,0.1037690836775228,2775000000,2375000000.0,Manufaktur,Furniture,Region 4,6,7,4,0.8333333333333334,Putri Pratama,KCP Rawamangun,Kantor Wilayah 15 (Jakarta Timur),Relationship Banking Officer,Senior RB,12,2020-07-14,Putri Pratama,1,0.08293555212313364,226850000000.0
RM0182,12,11,0.6993333333333333,0.11185976068544963,4000000000,3250000000.0,Kuliner,Restoran,Region 3,5,10,4,0.9166666666666666,Kartika Pratama,KCP Rawamangun,Kantor Wilayah 15 (Jakarta Timur),Relationship Banking Officer,Senior RB,12,2020-12-04,Kartika Pratama,3,0.07121816382192371,218750000000.0
RM0183,16,15,0.700375,0.10415301243843117,3950000000,3875000000.0,Manufaktur,Konveksi,Region 2,6,11,4,0.9375,Irfan Susanto,KCP Rawamangun,Kantor Wilayah 15 (Jakarta Timur),Relationship Banking Officer,Senior RB,18,2021-01-02,Irfan Susanto,0,0.09113834281846012,291100000000.0
RM0184,6,5,0.596,0.16280049139974978,1675000000,1600000000.0,Kuliner,Furniture,Region 3,5,6,3,0.8333333333333334,Anggi Situmorang,KCP Rawamangun,Kantor Wilayah 15 (Jakarta Timur),Relationship Banking Officer,Junior RB,6,2022-05-17,Anggi Situmorang,1,0.0473382741174917,113575000000.0
RM0185,12,10,0.6725833333333333,0.17498231512373075,3325000000,3075000000.0,Kuliner,Rental Kendaraan,Region 4,5,8,4,0.8333333333333334,Sutrisno Wijaya,KCP Cawang,Kantor Wilayah 15 (Jakarta Timur),Relationship Banking Officer,Senior RB,17,2018-04-24,Sutrisno Wijaya,3,0.07754712050559073,233375000000.0
RM0186,12,10,0.6793333333333332,0.118264982393801,2950000000,2800000000.0,Kuliner,Restoran,Region 2,6,10,4,0.8333333333333334,Lestari Wibowo,KCP Cawang,Kantor Wilayah 15 (Jakarta Timur),Relationship Banking Officer,Senior RB,14,2016-05-11,Lestari Wibowo,3,0.08578834165221227,238850000000.0
RM0187,9,7,0.6571111111111111,0.15572126094760183,3700000000,3575000000.0,Manufaktur,Konveksi,Region 2,4,7,4,0.7777777777777778,Doni Panjaitan,KCP Cawang,Kantor Wilayah 15 (Jakarta Timur),Relationship Banking Officer,Senior RB,13,2022-08-21,Doni Panjaitan (RM0187),3,0.07288029033953392,245975000000.0
RM0188,9,6,0.6428888888888888,0.10908419276463069,1700000000,650000000.0,Pertanian,Distributor Hasil Tani,Region 1,5,6,4,0.6666666666666666,Lina Simanjuntak,KCP Cawang,Kantor Wilayah 15 (Jakarta Timur),Relationship Banking Officer,Junior RB,10,2024-10-17,Lina Simanjuntak,0,0.07840504723608879,138350000000.0
RM0189,13,13,0.7259230769230769,0.06855589147848824,6050000000,6050000000.0,Manufaktur,Pengolahan Makanan Ringan,Region 1,6,10,4,1.0,Dewi Handoko,KCP Jatinegara,Kantor Wilayah 15 (Jakarta Timur),Relationship Banking Officer,Junior RB,18,2023-04-17,Dewi Handoko,2,0.08452552438069312,395725000000.0
RM0190,10,7,0.6302,0.13803526119558487,3775000000,2600000000.0,Pertanian,Rental Kendaraan,Region 2,5,7,4,0.7,Retno Siregar,KCP Jatinegara,Kantor Wilayah 15 (Jakarta Timur),Relationship Banking Officer,Junior RB,13,2023-02-15,Retno Siregar,0,0.07657756566614002,228750000000.0
RM0191,6,4,0.5628333333333333,0.17232575740923547,1850000000,1250000000.0,Transportasi,Rental Kendaraan,Region 1,4,4,4,0.6666666666666666,Dedi Siregar,KCP Jatinegara,Kantor Wilayah 15 (Jakarta Timur),Relationship Banking Officer,Junior RB,9,2022-10-01,Dedi Siregar,3,0.06064796963614868,104700000000.0
RM0192,3,3,0.7396666666666666,0.06539367961304313,1000000000,1000000000.0,Kuliner,Warung Makan,Region 3,2,3,2,1.0,Sari Lubis,KCP Jatinegara,Kantor Wilayah 15 (Jakarta Timur),Relationship Banking Officer,Junior RB,5,2023-12-02,Sari Lubis,2,0.0314124176939728,70625000000.0
RM0193,14,13,0.6800714285714285,0.1309647423403098,5900000000,5150000000.0,Pertanian,Distributor Hasil Tani,Region 1,5,9,4,0.9285714285714286,Siti Wibowo,KCP Jatinegara,Kantor Wilayah 15 (Jakarta Timur),Relationship Banking Officer,Junior RB,17,2016-06-09,Siti Wibowo,2,0.08636755122147287,349600000000.0
RM0194,12,11,0.68675,0.0874124237061404,5025000000,4025000000.0,Pertanian,Distributor Hasil Tani,Region 2,6,9,4,0.9166666666666666,Iwan Pratama,KCP Jatinegara,Kantor Wilayah 15 (Jakarta Timur),Relationship Banking Officer,Junior RB,14,2025-08-10,Iwan Pratama,0,0.08291935720685915,297650000000.0
RM0195,6,6,0.7155,0.03487549282805906,2800000000,2800000000.0,Jasa,Bengkel,Region 4,5,6,2,1.0,Krisna Lubis,KCP Jatinegara,Kantor Wilayah 15 (Jakarta Timur),Relationship Banking Officer,Junior RB,7,2017-02-18,Krisna Lubis,2,0.05954679727044519,195300000000.0
RM0196,7,5,0.6102857142857143,0.16189061562848983,1025000000,850000000.0,Kuliner,Warung Makan,Region 3,4,6,4,0.7142857142857143,Bambang Panjaitan,KCP Kramat Jati,Kantor Wilayah 15 (Jakarta Timur),Relationship Banking Officer,Junior RB,9,2018-06-27,Bambang Panjaitan,0,0.07167501066041598,133650000000.0
RM0197,15,12,0.6590666666666667,0.13229969585682927,5500000000,4100000000.0,Manufaktur,Furniture,Region 2,6,9,4,0.8,Ika Nugroho,KCP Kramat Jati,Kantor Wilayah 15 (Jakarta Timur),Relationship Banking Officer,Senior RB,20,2024-07-15,Ika Nugroho,0,0.0893852605667653,317825000000.0
RM0198,21,21,0.7084285714285714,0.06575604263379253,5400000000,5400000000.0,Perdagangan,Restoran,Region 1,6,13,4,1.0,Bambang Rahman,KCP Kramat Jati,Kantor Wilayah 15 (Jakarta Timur),Relationship Banking Officer,Senior RB,25,2023-01-28,Bambang Rahman,1,0.08966057187689531,396275000000.0
RM0199,6,4,0.6366666666666667,0.2258642660242356,1275000000,225000000.0,Kuliner,Rental Kendaraan,Region 3,4,5,2,0.6666666666666666,Bambang Permana,KCP Kramat Jati,Kantor Wilayah 15 (Jakarta Timur),Relationship Banking Officer,Junior RB,6,2025-12-05,Bambang Permana,2,0.05398117521065527,70800000000.0
RM0200,16,13,0.6695,0.1484825466735625,3875000000,2975000000.0,Manufaktur,Pengolahan Makanan Ringan,Region 4,6,11,4,0.8125,Bambang Santoso,KCP Pulo Gadung,Kantor Wilayah 15 (Jakarta Timur),Relationship Banking Officer,Junior RB,17,2024-03-22,Bambang Santoso,1,0.08221094839668139,260025000000.0
RM0201,7,7,0.6767142857142857,0.07242401601152824,3500000000,3500000000.0,Kuliner,Restoran,Region 1,4,6,4,1.0,Dewi Pratama,KCP Pulo Gadung,Kantor Wilayah 15 (Jakarta Timur),Relationship Banking Officer,Junior RB,7,2018-09-11,Dewi Pratama,3,0.06206006030881513,227525000000.0
RM0202,14,12,0.6853571428571429,0.10325890324277659,3950000000,3400000000.0,Pertanian,Laundry,Region 1,6,10,4,0.8571428571428571,Rizky Tanjung,KCP Pulo Gadung,Kantor Wilayah 15 (Jakarta Timur),Relationship Banking Officer,Senior RB,18,2022-11-26,Rizky Tanjung,2,0.08699966234890281,273250000000.0
RM0203,22,21,0.7295454545454546,0.07501347642271786,8175000000,7175000000.0,Jasa,Percetakan,Region 3,6,11,4,0.9545454545454546,Dian Suryadi,KCP Pulo Gadung,Kantor Wilayah 15 (Jakarta Timur),Relationship Banking Officer,Senior RB,24,2021-08-19,Dian Suryadi (RM0203),2,0.11349617566505905,556925000000.0
RM0204,20,18,0.68435,0.11011155826323543,6000000000,5850000000.0,Perdagangan,Jasa Konstruksi Kecil,Region 3,6,13,4,0.9,Rizky Pratama,KC Bekasi,Kantor Wilayah 15 (Jakarta Timur),Relationship Banking Officer,Senior RB,24,2015-10-16,Rizky Pratama,3,0.08625343328823365,387525000000.0
RM0205,5,5,0.738,0.07834858007647613,3150000000,3150000000.0,Perdagangan,Grosir Pakaian,Region 2,4,4,3,1.0,Ratna Kusuma,KC Bekasi,Kantor Wilayah 15 (Jakarta Timur),Relationship Banking Officer,Junior RB,5,2023-08-17,Ratna Kusuma,1,0.039371159263927445,129675000000.0
RM0206,14,13,0.6882857142857143,0.09219496780145915,2175000000,2025000000.0,Kuliner,Pengolahan Makanan Ringan,Region 4,6,9,4,0.9285714285714286,Putri Santoso,KC Bekasi,Kantor Wilayah 15 (Jakarta Timur),Relationship Banking Officer,Junior RB,15,2017-01-13,Putri Santoso (RM0206),3,0.08467658189852044,222400000000.0
RM0207,10,8,0.6715,0.15406654406456974,1825000000,1475000000.0,Jasa,Bengkel,Region 1,6,7,4,0.8,Anggi Kurniawan,KCP Bekasi Timur,Kantor Wilayah 15 (Jakarta Timur),Relationship Banking Officer,Junior RB,12,2025-02-21,Anggi Kurniawan,3,0.07414020744826987,159875000000.0
RM0208,10,10,0.6993,0.058596643817429205,2675000000,2675000000.0,Perdagangan,Distributor Hasil Tani,Region 3,5,9,4,1.0,Fauzi Rahman,KCP Bekasi Timur,Kantor Wilayah 15 (Jakarta Timur),Relationship Banking Officer,Junior RB,12,2023-05-13,Fauzi Rahman (RM0208),2,0.06798830191250038,199475000000.0
RM0209,9,8,0.7171111111111111,0.10596632064534048,1350000000,1275000000.0,Transportasi,Rental Kendaraan,Region 2,4,7,4,0.8888888888888888,Anton Kurniawan,KCP Bekasi Timur,Kantor Wilayah 15 (Jakarta Timur),Relationship Banking Officer,Junior RB,12,2017-12-24,Anton Kurniawan,1,0.058553075025647376,123025000000.0
RM0210,11,9,0.71,0.12885728539745045,3750000000,3550000000.0,Pertanian,Distributor Hasil Tani,Region 3,6,9,4,0.8181818181818182,Andi Lubis,KCP Bekasi Timur,Kantor Wilayah 15 (Jakarta Timur),Relationship Banking Officer,Senior RB,12,2023-01-11,Andi Lubis,2,0.07686445558496165,247375000000.0
RM0211,19,14,0.6337368421052632,0.1344225684198334,5425000000,4675000000.0,Kuliner,Ekspedisi Kecil,Region 4,6,13,4,0.7368421052631579,Eko Hutapea,KCP Cikarang,Kantor Wilayah 15 (Jakarta Timur),Relationship Banking Officer,Senior RB,22,2016-12-06,Eko Hutapea,0,0.10122492237377108,367675000000.0
RM0212,11,8,0.6358181818181818,0.13448778247991017,2625000000,2175000000.0,Kuliner,Warung Makan,Region 2,4,9,4,0.7272727272727273,Sri Wijaya,KCP Cikarang,Kantor Wilayah 15 (Jakarta Timur),Relationship Banking Officer,Junior RB,13,2022-10-18,Sri Wijaya (RM0212),0,0.08053518037574203,217175000000.0
RM0213,14,11,0.6445714285714287,0.14287849291010785,2825000000,2275000000.0,Transportasi,Ekspedisi Kecil,Region 4,5,11,4,0.7857142857142857,Eko Lubis,KCP Cikarang,Kantor Wilayah 15 (Jakarta Timur),Relationship Banking Officer,Senior RB,18,2024-01-14,Eko Lubis,1,0.09413358917559916,247925000000.0
RM0214,10,7,0.6197,0.17773266441484528,3850000000,2050000000.0,Transportasi,Ekspedisi Kecil,Region 4,4,7,4,0.7,Doni Panjaitan,KCP Cikarang,Kantor Wilayah 15 (Jakarta Timur),Relationship Banking Officer,Junior RB,15,2025-07-20,Doni Panjaitan (RM0214),2,0.08452708319347828,194275000000.0
RM0215,17,15,0.6929411764705882,0.15184674452726804,6100000000,5050000000.0,Kuliner,Katering,Region 2,5,10,4,0.8823529411764706,Dimas Suryadi,KCP Cikarang,Kantor Wilayah 15 (Jakarta Timur),Relationship Banking Officer,Senior RB,18,2023-05-18,Dimas Suryadi,0,0.08151111812046727,340450000000.0
RM0216,21,19,0.6840952380952381,0.13780526287551748,7125000000,6750000000.0,Manufaktur,Furniture,Region 1,5,13,4,0.9047619047619048,Lina Pratama,KCP Cikarang,Kantor Wilayah 15 (Jakarta Timur),Relationship Banking Officer,Senior RB,23,2018-09-11,Lina Pratama,1,0.08744027506993376,401825000000.0
RM0217,10,9,0.6541,0.09409976974821282,4550000000,4050000000.0,Perdagangan,Distributor Hasil Tani,Region 4,6,9,4,0.9,Lina Wijaya,KCP Cikarang,Kantor Wilayah 15 (Jakarta Timur),Relationship Banking Officer,Senior RB,12,2017-06-15,Lina Wijaya,0,0.0723546720661953,246125000000.0
RM0218,8,8,0.716,0.05580066563863091,1125000000,1125000000.0,Jasa,Bengkel,Region 1,5,8,3,1.0,Ani Setiawan,KCP Cikarang,Kantor Wilayah 15 (Jakarta Timur),Relationship Banking Officer,Junior RB,11,2016-02-15,Ani Setiawan (RM0218),0,0.06558797684243049,143550000000.0
RM0219,10,9,0.6875,0.0955222487172492,3075000000,2925000000.0,Manufaktur,Laundry,Region 2,4,7,4,0.9,Ahmad Kusuma,KCP Jababeka,Kantor Wilayah 15 (Jakarta Timur),Relationship Banking Officer,Junior RB,15,2024-11-08,Ahmad Kusuma,1,0.09113192242836977,256675000000.0
RM0220,4,2,0.558,0.21824298385056964,1325000000,1150000000.0,Transportasi,Ekspedisi Kecil,Region 3,3,4,3,0.5,Lina Halim,KCP Jababeka,Kantor Wilayah 15 (Jakarta Timur),Relationship Banking Officer,Junior RB,5,2021-11-19,Lina Halim,0,0.04583257361537252,107050000000.0
RM0221,4,3,0.68325,0.179221232001122,1650000000,1575000000.0,Transportasi,Rental Kendaraan,Region 4,3,3,3,0.75,Ayu Kurniawan,KCP Jababeka,Kantor Wilayah 15 (Jakarta Timur),Relationship Banking Officer,Junior RB,5,2018-07-10,Ayu Kurniawan,0,0.05763182218069891,121350000000.0
RM0222,5,2,0.5556,0.18396276797221767,1400000000,350000000.0,Kuliner,Katering,Region 1,3,5,2,0.4,Fajar Santoso,KC Bogor,Kantor Wilayah 15 (Jakarta Timur),Relationship Banking Officer,Junior RB,6,2020-08-07,Fajar Santoso,2,0.04267517962146985,61625000000.0
RM0223,8,3,0.563125,0.13922585710174057,2800000000,1125000000.0,Kuliner,Katering,Region 1,5,8,3,0.375,Lestari Lubis,KC Bogor,Kantor Wilayah 15 (Jakarta Timur),Relationship Banking Officer,Junior RB,8,2023-07-11,Lestari Lubis,1,0.06734103493880916,138425000000.0
RM0224,10,8,0.6702,0.1423101464329855,2625000000,2375000000.0,Pertanian,Peternakan Ayam,Region 1,6,9,4,0.8,Rina Siregar,KC Bogor,Kantor Wilayah 15 (Jakarta Timur),Relationship Banking Officer,Senior RB,12,2017-06-25,Rina Siregar (RM0224),0,0.0830619473340292,219550000000.0
RM0225,12,11,0.713,0.09005957624110424,6700000000,5700000000.0,Manufaktur,Distributor Hasil Tani,Region 4,6,9,4,0.9166666666666666,Ayu Santoso,KC Bogor,Kantor Wilayah 15 (Jakarta Timur),Relationship Banking Officer,Junior RB,14,2020-11-08,Ayu Santoso,3,0.07155710264721071,335950000000.0
RM0226,4,3,0.6855,0.11509561242723373,1575000000,575000000.0,Pertanian,Peternakan Ayam,Region 2,3,4,3,0.75,Kartika Gunawan,KC Bogor,Kantor Wilayah 15 (Jakarta Timur),Relationship Banking Officer,Junior RB,6,2024-06-08,Kartika Gunawan,0,0.059300081742834625,84875000000.0
RM0227,12,12,0.7023333333333334,0.05959611539099651,2575000000,2575000000.0,Manufaktur,Rental Kendaraan,Region 4,6,9,4,1.0,Siti Nugroho,KCP Cibinong,Kantor Wilayah 15 (Jakarta Timur),Relationship Banking Officer,Junior RB,14,2023-03-14,Siti Nugroho (RM0227),1,0.08708115953368908,250800000000.0
RM0228,8,6,0.6819999999999999,0.15216814008570537,3200000000,2750000000.0,Manufaktur,Pengolahan Makanan Ringan,Region 2,3,6,4,0.75,Putri Situmorang,KCP Cibinong,Kantor Wilayah 15 (Jakarta Timur),Relationship Banking Officer,Junior RB,9,2019-09-02,Putri Situmorang,3,0.06048998873046649,173650000000.0
RM0229,19,17,0.6779473684210526,0.11932843271325226,6325000000,5175000000.0,Kuliner,Restoran,Region 3,5,10,4,0.8947368421052632,Bayu Handoko,KCP Cibinong,Kantor Wilayah 15 (Jakarta Timur),Relationship Banking Officer,Senior RB,25,2016-12-02,Bayu Handoko,2,0.09277526119203275,377125000000.0
RM0230,12,10,0.6638333333333334,0.12270573323890359,3825000000,3375000000.0,Kuliner,Warung Makan,Region 4,5,9,4,0.8333333333333334,Krisna Saputra,KCP Cibinong,Kantor Wilayah 15 (Jakarta Timur),Relationship Banking Officer,Junior RB,14,2018-12-15,Krisna Saputra (RM0230),3,0.08061057297104157,251200000000.0
RM0231,13,9,0.64,0.15614789997520512,5475000000,3300000000.0,Manufaktur,Pengolahan Makanan Ringan,Region 4,6,8,4,0.6923076923076923,Novi Rahman,KCP Cibinong,Kantor Wilayah 15 (Jakarta Timur),Relationship Banking Officer,Junior RB,17,2025-09-25,Novi Rahman,1,0.07883028331970787,264200000000.0
RM0232,18,16,0.7086666666666667,0.11232620562712976,7450000000,7250000000.0,Kuliner,Toko Alat Tulis,Region 4,6,14,4,0.8888888888888888,Kartika Setiawan,KCP Cibinong,Kantor Wilayah 15 (Jakarta Timur),Relationship Banking Officer,Senior RB,23,2023-08-09,Kartika Setiawan (RM0232),1,0.09766496774552237,421675000000.0
RM0233,13,11,0.6889230769230769,0.13523033531624326,7100000000,6850000000.0,Jasa,Distributor Bahan Bangunan,Region 1,5,12,4,0.8461538461538461,Joko Saputra,KCP Cibinong,Kantor Wilayah 15 (Jakarta Timur),Relationship Banking Officer,Senior RB,21,2022-04-26,Joko Saputra,1,0.07822487724449582,371275000000.0
RM0234,10,8,0.6426999999999999,0.08269764204619137,3550000000,3375000000.0,Transportasi,Ekspedisi Kecil,Region 2,5,8,3,0.8,Bambang Wibowo,KCP Bogor Baru,Kantor Wilayah 15 (Jakarta Timur),Relationship Banking Officer,Junior RB,13,2023-05-15,Bambang Wibowo,2,0.07482356484222993,258900000000.0
RM0235,11,8,0.6605454545454545,0.1695590538050762,3250000000,2775000000.0,Manufaktur,Pengolahan Makanan Ringan,Region 3,5,7,4,0.7272727272727273,Joko Panjaitan,KCP Bogor Baru,Kantor Wilayah 15 (Jakarta Timur),Relationship Banking Officer,Junior RB,15,2015-07-15,Joko Panjaitan (RM0235),3,0.06524969956055766,181025000000.0
RM0236,21,19,0.7014761904761905,0.12008106388919906,7200000000,6300000000.0,Jasa,Percetakan,Region 3,6,12,4,0.9047619047619048,Desi Santoso,KCP Bogor Baru,Kantor Wilayah 15 (Jakarta Timur),Relationship Banking Officer,Senior RB,23,2016-10-19,Desi Santoso (RM0236),1,0.09166793779268195,434375000000.0
RM0237,12,9,0.665,0.12101389852559762,5250000000,4925000000.0,Pertanian,Distributor Hasil Tani,Region 2,5,9,4,0.75,Rizky Panjaitan,KCP Bogor Baru,Kantor Wilayah 15 (Jakarta Timur),Relationship Banking Officer,Junior RB,14,2022-12-01,Rizky Panjaitan,0,0.07650198662201972,309400000000.0
RM0238,10,7,0.631,0.12692429939841224,4475000000,2825000000.0,Pertanian,Peternakan Ayam,Region 1,5,5,4,0.7,Budi Suryadi,KCP Bogor Baru,Kantor Wilayah 15 (Jakarta Timur),Relationship Banking Officer,Junior RB,11,2019-08-02,Budi Suryadi,0,0.09564388451874668,297925000000.0
RM0239,14,14,0.7161428571428571,0.08521814283432765,6875000000,6875000000.0,Kuliner,Katering,Region 1,6,10,4,1.0,Krisna Santoso,KCP Bogor Baru,Kantor Wilayah 15 (Jakarta Timur),Relationship Banking Officer,Junior RB,15,2020-09-28,Krisna Santoso,2,0.08381582620779371,399000000000.0
RM0240,12,9,0.6465833333333334,0.15165658474649132,3675000000,3125000000.0,Manufaktur,Distributor Hasil Tani,Region 4,6,9,4,0.75,Suryani Wibowo,KCP Dramaga,Kantor Wilayah 15 (Jakarta Timur),Relationship Banking Officer,Junior RB,17,2022-04-13,Suryani Wibowo,1,0.0827544208976707,247100000000.0
RM0241,6,5,0.69,0.10064392679143636,2100000000,1800000000.0,Kuliner,Restoran,Region 3,3,6,3,0.8333333333333334,Fitri Handoko,KCP Dramaga,Kantor Wilayah 15 (Jakarta Timur),Relationship Banking Officer,Junior RB,7,2025-01-25,Fitri Handoko,0,0.05958398441423251,127475000000.0
RM0242,6,6,0.7308333333333333,0.07633457058677065,1575000000,1575000000.0,Perdagangan,Pengolahan Makanan Ringan,Region 1,3,4,3,1.0,Sri Wibowo,KCP Dramaga,Kantor Wilayah 15 (Jakarta Timur),Relationship Banking Officer,Junior RB,8,2016-06-13,Sri Wibowo,3,0.04202684385790221,102300000000.0
RM0243,9,6,0.6196666666666667,0.1358933405285189,1700000000,850000000.0,Transportasi,Toko Sembako,Region 4,3,5,3,0.6666666666666666,Putri Wijaya,KCP Dramaga,Kantor Wilayah 15 (Jakarta Timur),Relationship Banking Officer,Junior RB,12,2018-04-02,Putri Wijaya,1,0.06511673281009916,123975000000.0
RM0244,7,5,0.6584285714285715,0.21271017617316534,1725000000,1125000000.0,Kuliner,Rental Kendaraan,Region 3,4,7,3,0.7142857142857143,Dian Halim,KCP Dramaga,Kantor Wilayah 15 (Jakarta Timur),Relationship Banking Officer,Junior RB,10,2025-05-28,Dian Halim (RM0244),2,0.06136991419876572,111700000000.0
RM0245,13,8,0.5782307692307692,0.1776828419057178,4125000000,2175000000.0,Jasa,Restoran,Region 2,6,8,4,0.6153846153846154,Rian Saputra,KCP Dramaga,Kantor Wilayah 15 (Jakarta Timur),Relationship Banking Officer,Junior RB,17,2018-03-31,Rian Saputra (RM0245),0,0.08263842152168316,211725000000.0
RM0246,10,10,0.7247,0.0838093736470516,1775000000,1775000000.0,Perdagangan,Distributor Elektronik,Region 2,4,6,3,1.0,Gunawan Wijaya,KCP Depok Margonda,Kantor Wilayah 15 (Jakarta Timur),Relationship Banking Officer,Junior RB,13,2021-04-12,Gunawan Wijaya (RM0246),0,0.06305171765764214,158150000000.0
RM0247,16,12,0.6623125,0.14779522714440635,5050000000,2700000000.0,Manufaktur,Konveksi,Region 4,6,11,4,0.75,Melati Kusuma,KCP Depok Margonda,Kantor Wilayah 15 (Jakarta Timur),Relationship Banking Officer,Senior RB,19,2017-06-22,Melati Kusuma,0,0.09200779632758242,282975000000.0
RM0248,16,12,0.624125,0.1308988795470254,7950000000,6400000000.0,Transportasi,Rental Kendaraan,Region 1,5,9,4,0.75,Kartika Saputra,KCP Depok Margonda,Kantor Wilayah 15 (Jakarta Timur),Relationship Banking Officer,Junior RB,18,2018-07-20,Kartika Saputra,3,0.097928370837268,427425000000.0
RM0249,7,5,0.6284285714285714,0.20939027129808516,1650000000,1050000000.0,Pertanian,Peternakan Ayam,Region 2,6,6,3,0.7142857142857143,Fitri Siregar,KCP Depok Margonda,Kantor Wilayah 15 (Jakarta Timur),Relationship Banking Officer,Senior RB,11,2025-12-25,Fitri Siregar,0,0.06821687184435556,131550000000.0
RM0250,11,8,0.6170909090909091,0.10903343940778402,3750000000,2850000000.0,Kuliner,Peternakan Ayam,Region 3,5,8,4,0.7272727272727273,Yusuf Susanto,KCP Depok Margonda,Kantor Wilayah 15 (Jakarta Timur),Relationship Banking Officer,Senior RB,12,2020-07-25,Yusuf Susanto,1,0.08604963368678975,249875000000.0
RM0251,17,16,0.7024705882352942,0.09331205552275845,6100000000,5950000000.0,Perdagangan,Toko Sembako,Region 4,6,13,4,0.9411764705882353,Joko Siregar,KCP Depok Margonda,Kantor Wilayah 15 (Jakarta Timur),Relationship Banking Officer,Senior RB,24,2022-02-23,Joko Siregar,1,0.08871752622553124,376700000000.0
RM0252,15,12,0.6716,0.16703840448061208,5700000000,4100000000.0,Transportasi,Rental Kendaraan,Region 2,6,11,4,0.8,Ahmad Pratama,KCP Depok Margonda,Kantor Wilayah 15 (Jakarta Timur),Relationship Banking Officer,Junior RB,17,2019-01-04,Ahmad Pratama,2,0.08848581163822607,318625000000.0
RM0253,19,17,0.6759999999999999,0.07985194633403328,5750000000,5400000000.0,Kuliner,Bakery,Region 1,6,13,4,0.8947368421052632,Budi Nugroho,KCP Depok Margonda,Kantor Wilayah 15 (Jakarta Timur),Relationship Banking Officer,Senior RB,23,2023-11-19,Budi Nugroho,1,0.0846772454576551,356850000000.0
RM0254,6,5,0.6776666666666666,0.13625074923341401,1750000000,1250000000.0,Kuliner,Grosir Pakaian,Region 1,4,5,2,0.8333333333333334,Dian Pratama,KCP Depok Beji,Kantor Wilayah 15 (Jakarta Timur),Relationship Banking Officer,Junior RB,7,2018-11-13,Dian Pratama (RM0254),3,0.051343592077560785,103200000000.0
RM0255,13,12,0.6912307692307693,0.08926473160040478,3100000000,2950000000.0,Manufaktur,Pengolahan Makanan Ringan,Region 4,6,10,3,0.9230769230769231,Dimas Panjaitan,KCP Depok Beji,Kantor Wilayah 15 (Jakarta Timur),Relationship Banking Officer,Junior RB,15,2018-10-12,Dimas Panjaitan,0,0.08445672255193683,241375000000.0
RM0256,10,10,0.7367,0.08680764175270902,2250000000,2250000000.0,Transportasi,Rental Kendaraan,Region 2,6,9,4,1.0,Sutrisno Handoko,KCP Depok Beji,Kantor Wilayah 15 (Jakarta Timur),Relationship Banking Officer,Senior RB,14,2016-05-09,Sutrisno Handoko,2,0.07935707443923684,210700000000.0
RM0257,17,13,0.6607647058823529,0.146873895490215,7850000000,6000000000.0,Manufaktur,Pengolahan Makanan Ringan,Region 4,6,13,4,0.7647058823529411,Anton Tanjung,KCP Depok Beji,Kantor Wilayah 15 (Jakarta Timur),Relationship Banking Officer,Senior RB,19,2016-12-24,Anton Tanjung,0,0.10024426945788459,433100000000.0
RM0258,3,3,0.7116666666666666,0.1295080435082445,1600000000,1600000000.0,Jasa,Jasa Konstruksi Kecil,Region 4,3,3,2,1.0,Novi Tanjung,KCP Depok Beji,Kantor Wilayah 15 (Jakarta Timur),Relationship Banking Officer,Junior RB,6,2024-02-23,Novi Tanjung (RM0258),2,0.0391983188644596,114750000000.0
RM0259,6,6,0.6853333333333333,0.08113609965155258,4075000000,4075000000.0,Kuliner,Bakery,Region 4,5,5,3,1.0,Anton Firmansyah,KCP Sawangan,Kantor Wilayah 15 (Jakarta Timur),Relationship Banking Officer,Junior RB,8,2023-01-18,Anton Firmansyah,1,0.04830798704797298,196700000000.0
RM0260,6,5,0.6638333333333334,0.11794136961501961,2400000000,1650000000.0,Jasa,Percetakan,Region 3,4,5,4,0.8333333333333334,Irfan Permana,KCP Sawangan,Kantor Wilayah 15 (Jakarta Timur),Relationship Banking Officer,Junior RB,9,2024-05-29,Irfan Permana,3,0.055949594511774114,128300000000.0
RM0261,7,7,0.7142857142857143,0.08573936141142002,2350000000,2350000000.0,Perdagangan,Grosir Pakaian,Region 4,4,6,3,1.0,Nina Panjaitan,KCP Sawangan,Kantor Wilayah 15 (Jakarta Timur),Relationship Banking Officer,Junior RB,7,2022-01-15,Nina Panjaitan,2,0.0742487754208259,179575000000.0
