rm_id,rm_name,branch_name,region,jabatan,level,kapasitas_max_nasabah,join_date
RM0001,Doni Hidayat,KCP Melawai,Kantor Wilayah Jakarta Senayan,Relationship Banking Officer,Junior RB,6,2025-08-29
RM0002,Wulan Situmorang,KCP Melawai,Kantor Wilayah Jakarta Senayan,Relationship Banking Officer,Junior RB,17,2016-02-10
RM0003,Slamet Kusuma,KCP Melawai,Kantor Wilayah Jakarta Senayan,Relationship Banking Officer,Senior RB,17,2025-07-02
RM0004,Slamet Gunawan,KCP Melawai,Kantor Wilayah Jakarta Senayan,Relationship Banking Officer,Senior RB,25,2021-06-13
RM0005,Putri Santoso,KCP Melawai,Kantor Wilayah Jakarta Senayan,Relationship Banking Officer,Senior RB,11,2024-11-27
RM0006,Wati Lubis,KCP Melawai,Kantor Wilayah Jakarta Senayan,Relationship Banking Officer,Junior RB,7,2023-02-26
RM0007,Nina Kurniawan,KCP Melawai,Kantor Wilayah Jakarta Senayan,Relationship Banking Officer,Junior RB,18,2017-03-28
RM0008,Yudi Situmorang,KCP Kyai Maja,Kantor Wilayah Jakarta Senayan,Relationship Banking Officer,Junior RB,14,2022-07-08
RM0009,Rian Kusuma,KCP Kyai Maja,Kantor Wilayah Jakarta Senayan,Relationship Banking Officer,Junior RB,9,2019-05-25
RM0010,Dian Halim,KCP Kyai Maja,Kantor Wilayah Jakarta Senayan,Relationship Banking Officer,Junior RB,7,2017-04-30
RM0011,Krisna Permana,KCP Kyai Maja,Kantor Wilayah Jakarta Senayan,Relationship Banking Officer,Junior RB,14,2021-04-17
RM0012,Irfan Siregar,KC Gatot Subroto,Kantor Wilayah Jakarta Senayan,Relationship Banking Officer,Senior RB,15,2015-08-03
RM0013,Indah Pratama,KC Gatot Subroto,Kantor Wilayah Jakarta Senayan,Relationship Banking Officer,Senior RB,12,2024-10-31
RM0014,Ayu Halim,KC Gatot Subroto,Kantor Wilayah Jakarta Senayan,Relationship Banking Officer,Junior RB,15,2016-06-07
RM0015,Slamet Situmorang,KCP Prof. Supomo Tebet,Kantor Wilayah Jakarta Senayan,Relationship Banking Officer,Senior RB,15,2023-11-29
RM0016,Fauzi Rahman,KCP Prof. Supomo Tebet,Kantor Wilayah Jakarta Senayan,Relationship Banking Officer,Senior RB,18,2017-12-23
RM0017,Yuni Firmansyah,KCP Prof. Supomo Tebet,Kantor Wilayah Jakarta Senayan,Relationship Banking Officer,Junior RB,9,2025-11-09
RM0018,Nina Gunawan,KCP Prof. Supomo Tebet,Kantor Wilayah Jakarta Senayan,Relationship Banking Officer,Senior RB,12,2025-12-12
RM0019,Fajar Susanto,KCP Prof. Supomo Tebet,Kantor Wilayah Jakarta Senayan,Relationship Banking Officer,Junior RB,15,2025-02-28
RM0020,Fauzi Handoko,KCP Prof. Supomo Tebet,Kantor Wilayah Jakarta Senayan,Relationship Banking Officer,Junior RB,10,2018-06-20
RM0021,Wahyu Susanto,KCP Prof. Supomo Tebet,Kantor Wilayah Jakarta Senayan,Relationship Banking Officer,Junior RB,13,2017-09-25
RM0022,Agus Hidayat,KCP Blok M,Kantor Wilayah Jakarta Senayan,Relationship Banking Officer,Senior RB,22,2017-03-03
RM0023,Wulan Kusuma,KCP Blok M,Kantor Wilayah Jakarta Senayan,Relationship Banking Officer,Junior RB,9,2022-09-17
RM0024,Ayu Saputra,KCP Blok M,Kantor Wilayah Jakarta Senayan,Relationship Banking Officer,Junior RB,18,2023-11-23
RM0025,Doni Simanjuntak,KCP Fatmawati,Kantor Wilayah Jakarta Senayan,Relationship Banking Officer,Junior RB,10,2023-09-18
RM0026,Ayu Setiawan,KCP Fatmawati,Kantor Wilayah Jakarta Senayan,Relationship Banking Officer,Junior RB,12,2023-10-28
RM0027,Dian Pratama,KCP Fatmawati,Kantor Wilayah Jakarta Senayan,Relationship Banking Officer,Senior RB,24,2022-07-13
RM0028,Desi Saputra,KCP Pondok Indah,Kantor Wilayah Jakarta Senayan,Relationship Banking Officer,Junior RB,13,2020-04-05
RM0029,Rizky Siregar,KCP Pondok Indah,Kantor Wilayah Jakarta Senayan,Relationship Banking Officer,Senior RB,20,2016-09-15
RM0030,Yanti Susanto,KCP Pondok Indah,Kantor Wilayah Jakarta Senayan,Relationship Banking Officer,Junior RB,9,2016-05-15
RM0031,Krisna Kurniawan,KCP Pondok Indah,Kantor Wilayah Jakarta Senayan,Relationship Banking Officer,Junior RB,16,2016-04-11
RM0032,Nina Tanjung,KCP Cilandak,Kantor Wilayah Jakarta Senayan,Relationship Banking Officer,Junior RB,17,2021-10-25
RM0033,Retno Situmorang,KCP Cilandak,Kantor Wilayah Jakarta Senayan,Relationship Banking Officer,Junior RB,16,2019-03-16
RM0034,Tri Halim,KCP Cilandak,Kantor Wilayah Jakarta Senayan,Relationship Banking Officer,Junior RB,14,2017-03-13
RM0035,Andi Suryadi,KCP Cilandak,Kantor Wilayah Jakarta Senayan,Relationship Banking Officer,Senior RB,13,2015-06-17
RM0036,Indah Tanjung,KCP Cilandak,Kantor Wilayah Jakarta Senayan,Relationship Banking Officer,Senior RB,20,2025-02-10
RM0037,Andi Suryadi,KCP Pasar Minggu,Kantor Wilayah Jakarta Senayan,Relationship Banking Officer,Junior RB,9,2017-02-12
RM0038,Wulan Wibowo,KCP Pasar Minggu,Kantor Wilayah Jakarta Senayan,Relationship Banking Officer,Senior RB,23,2025-06-08
RM0039,Desi Hutapea,KCP Pasar Minggu,Kantor Wilayah Jakarta Senayan,Relationship Banking Officer,Junior RB,15,2025-12-02
RM0040,Hadi Firmansyah,KCP Tebet Barat,Kantor Wilayah Jakarta Senayan,Relationship Banking Officer,Senior RB,16,2017-11-12
RM0041,Retno Nugroho,KCP Tebet Barat,Kantor Wilayah Jakarta Senayan,Relationship Banking Officer,Senior RB,12,2018-11-23
RM0042,Kartika Firmansyah,KCP Tebet Barat,Kantor Wilayah Jakarta Senayan,Relationship Banking Officer,Senior RB,17,2025-05-04
RM0043,Rudi Rahman,KCP Tebet Barat,Kantor Wilayah Jakarta Senayan,Relationship Banking Officer,Junior RB,6,2019-07-23
RM0044,Yusuf Kusuma,KCP Tebet Barat,Kantor Wilayah Jakarta Senayan,Relationship Banking Officer,Senior RB,18,2015-05-23
RM0045,Fitri Rahman,KCP Menteng Raya,Kantor Wilayah Jakarta Kemayoran,Relationship Banking Officer,Junior RB,12,2015-01-24
RM0046,Sri Wijaya,KCP Menteng Raya,Kantor Wilayah Jakarta Kemayoran,Relationship Banking Officer,Senior RB,17,2025-11-21
RM0047,Sutrisno Rahman,KCP Menteng Raya,Kantor Wilayah Jakarta Kemayoran,Relationship Banking Officer,Junior RB,18,2020-11-06
RM0048,Indah Simanjuntak,KCP Menteng Raya,Kantor Wilayah Jakarta Kemayoran,Relationship Banking Officer,Junior RB,15,2018-04-11
RM0049,Dian Siregar,KCP Menteng Raya,Kantor Wilayah Jakarta Kemayoran,Relationship Banking Officer,Senior RB,24,2021-01-05
RM0050,Yuni Suryadi,KCP Menteng Raya,Kantor Wilayah Jakarta Kemayoran,Relationship Banking Officer,Junior RB,15,2023-03-20
RM0051,Dedi Setiawan,KCP Menteng Raya,Kantor Wilayah Jakarta Kemayoran,Relationship Banking Officer,Junior RB,8,2022-08-08
RM0052,Novi Setiawan,KCP Gajah Mada,Kantor Wilayah Jakarta Kemayoran,Relationship Banking Officer,Junior RB,16,2021-12-10
RM0053,Retno Firmansyah,KCP Gajah Mada,Kantor Wilayah Jakarta Kemayoran,Relationship Banking Officer,Junior RB,17,2021-09-18
RM0054,Fauzi Setiawan,KCP Gajah Mada,Kantor Wilayah Jakarta Kemayoran,Relationship Banking Officer,Senior RB,12,2020-07-15
RM0055,Dewi Saputra,KCP Gajah Mada,Kantor Wilayah Jakarta Kemayoran,Relationship Banking Officer,Senior RB,25,2015-05-21
RM0056,Maya Wibowo,KCP Pecenongan,Kantor Wilayah Jakarta Kemayoran,Relationship Banking Officer,Junior RB,11,2017-10-02
RM0057,Andi Hutapea,KCP Pecenongan,Kantor Wilayah Jakarta Kemayoran,Relationship Banking Officer,Senior RB,19,2021-03-09
RM0058,Ratna Nugroho,KCP Pecenongan,Kantor Wilayah Jakarta Kemayoran,Relationship Banking Officer,Junior RB,9,2017-04-21
RM0059,Rita Wijaya,KCP Pecenongan,Kantor Wilayah Jakarta Kemayoran,Relationship Banking Officer,Senior RB,20,2023-04-08
RM0060,Siti Nugroho,KCP Pecenongan,Kantor Wilayah Jakarta Kemayoran,Relationship Banking Officer,Senior RB,20,2016-07-04
RM0061,Ahmad Siregar,KCP Pecenongan,Kantor Wilayah Jakarta Kemayoran,Relationship Banking Officer,Junior RB,8,2019-11-24
RM0062,Fitri Kurniawan,KCP Pecenongan,Kantor Wilayah Jakarta Kemayoran,Relationship Banking Officer,Senior RB,11,2023-12-16
RM0063,Rian Siregar,KCP Kramat Raya,Kantor Wilayah Jakarta Kemayoran,Relationship Banking Officer,Junior RB,11,2025-01-28
RM0064,Anggi Firmansyah,KCP Kramat Raya,Kantor Wilayah Jakarta Kemayoran,Relationship Banking Officer,Senior RB,17,2016-06-27
RM0065,Eko Rahman,KCP Kramat Raya,Kantor Wilayah Jakarta Kemayoran,Relationship Banking Officer,Junior RB,16,2020-01-26
RM0066,Wahyu Susanto,KCP Kramat Raya,Kantor Wilayah Jakarta Kemayoran,Relationship Banking Officer,Junior RB,9,2016-05-28
RM0067,Ika Wibowo,KCP Kramat Raya,Kantor Wilayah Jakarta Kemayoran,Relationship Banking Officer,Senior RB,14,2020-05-07
RM0068,Rian Hidayat,KCP Kramat Raya,Kantor Wilayah Jakarta Kemayoran,Relationship Banking Officer,Junior RB,8,2023-11-25
RM0069,Joko Santoso,KCP Kramat Raya,Kantor Wilayah Jakarta Kemayoran,Relationship Banking Officer,Junior RB,8,2024-11-12
RM0070,Dimas Saputra,KC Sudirman,Kantor Wilayah Jakarta Kemayoran,Relationship Banking Officer,Junior RB,10,2020-01-29
RM0071,Yudi Susanto,KC Sudirman,Kantor Wilayah Jakarta Kemayoran,Relationship Banking Officer,Junior RB,11,2015-01-29
RM0072,Rian Tanjung,KC Sudirman,Kantor Wilayah Jakarta Kemayoran,Relationship Banking Officer,Senior RB,12,2018-11-12
RM0073,Fajar Halim,KC Sudirman,Kantor Wilayah Jakarta Kemayoran,Relationship Banking Officer,Senior RB,17,2021-08-19
RM0074,Ika Suryadi,KC Sudirman,Kantor Wilayah Jakarta Kemayoran,Relationship Banking Officer,Junior RB,8,2023-08-07
RM0075,Novi Tanjung,KC Sudirman,Kantor Wilayah Jakarta Kemayoran,Relationship Banking Officer,Junior RB,9,2018-02-22
RM0076,Tri Nugroho,KC Sudirman,Kantor Wilayah Jakarta Kemayoran,Relationship Banking Officer,Junior RB,5,2024-10-19
RM0077,Rudi Firmansyah,KCP Cikini,Kantor Wilayah Jakarta Kemayoran,Relationship Banking Officer,Junior RB,10,2021-02-12
RM0078,Gunawan Rahman,KCP Cikini,Kantor Wilayah Jakarta Kemayoran,Relationship Banking Officer,Junior RB,16,2024-08-06
RM0079,Krisna Setiawan,KCP Cikini,Kantor Wilayah Jakarta Kemayoran,Relationship Banking Officer,Junior RB,16,2018-05-17
RM0080,Siti Lubis,KCP Cikini,Kantor Wilayah Jakarta Kemayoran,Relationship Banking Officer,Junior RB,13,2021-09-24
RM0081,Dedi Rahman,KCP Cikini,Kantor Wilayah Jakarta Kemayoran,Relationship Banking Officer,Junior RB,14,2025-11-03
RM0082,Andi Susanto,KCP Cikini,Kantor Wilayah Jakarta Kemayoran,Relationship Banking Officer,Junior RB,15,2021-08-09
RM0083,Wati Lubis,KCP Cikini,Kantor Wilayah Jakarta Kemayoran,Relationship Banking Officer,Junior RB,16,2015-08-03
RM0084,Yudi Rahman,KCP Cikini,Kantor Wilayah Jakarta Kemayoran,Relationship Banking Officer,Junior RB,12,2020-02-08
RM0085,Rian Saputra,KCP Kelapa Gading,Kantor Wilayah Jakarta Kemayoran,Relationship Banking Officer,Junior RB,17,2024-06-17
RM0086,Andi Simanjuntak,KCP Kelapa Gading,Kantor Wilayah Jakarta Kemayoran,Relationship Banking Officer,Junior RB,11,2017-01-12
RM0087,Bayu Lubis,KCP Kelapa Gading,Kantor Wilayah Jakarta Kemayoran,Relationship Banking Officer,Senior RB,15,2017-10-29
RM0088,Yanti Suryadi,KCP Pluit,Kantor Wilayah Jakarta Kemayoran,Relationship Banking Officer,Junior RB,18,2025-09-13
RM0089,Taufik Wijaya,KCP Pluit,Kantor Wilayah Jakarta Kemayoran,Relationship Banking Officer,Junior RB,10,2015-08-05
RM0090,Indah Halim,KCP Pluit,Kantor Wilayah Jakarta Kemayoran,Relationship Banking Officer,Junior RB,16,2020-05-14
RM0091,Yuni Permana,KCP Pluit,Kantor Wilayah Jakarta Kemayoran,Relationship Banking Officer,Senior RB,18,2025-12-06
RM0092,Wahyu Setiawan,KCP Pluit,Kantor Wilayah Jakarta Kemayoran,Relationship Banking Officer,Senior RB,11,2017-01-06
RM0093,Yusuf Siregar,KCP Pluit,Kantor Wilayah Jakarta Kemayoran,Relationship Banking Officer,Junior RB,13,2024-03-13
RM0094,Yusuf Saputra,KCP Pluit,Kantor Wilayah Jakarta Kemayoran,Relationship Banking Officer,Senior RB,15,2019-11-17
RM0095,Indah Susanto,KCP Pluit,Kantor Wilayah Jakarta Kemayoran,Relationship Banking Officer,Senior RB,14,2015-08-25
RM0096,Sutrisno Panjaitan,KCP Sunter,Kantor Wilayah Jakarta Kemayoran,Relationship Banking Officer,Junior RB,14,2017-10-12
RM0097,Fajar Hidayat,KCP Sunter,Kantor Wilayah Jakarta Kemayoran,Relationship Banking Officer,Junior RB,18,2024-12-24
RM0098,Agus Hidayat,KCP Sunter,Kantor Wilayah Jakarta Kemayoran,Relationship Banking Officer,Junior RB,14,2020-04-29
RM0099,Gunawan Panjaitan,KCP Sunter,Kantor Wilayah Jakarta Kemayoran,Relationship Banking Officer,Senior RB,15,2017-09-22
RM0100,Agus Kurniawan,KCP Sunter,Kantor Wilayah Jakarta Kemayoran,Relationship Banking Officer,Senior RB,25,2018-08-29
RM0101,Wati Tanjung,KCP Sunter,Kantor Wilayah Jakarta Kemayoran,Relationship Banking Officer,Junior RB,9,2021-08-21
RM0102,Yusuf Santoso,KCP Sunter,Kantor Wilayah Jakarta Kemayoran,Relationship Banking Officer,Junior RB,8,2015-01-31
RM0103,Maya Santoso,KCP Kelapa Gading Bukit,Kantor Wilayah Jakarta Kemayoran,Relationship Banking Officer,Junior RB,9,2023-12-03
RM0104,Krisna Permana,KCP Kelapa Gading Bukit,Kantor Wilayah Jakarta Kemayoran,Relationship Banking Officer,Senior RB,19,2020-03-20
RM0105,Desi Susanto,KCP Kelapa Gading Bukit,Kantor Wilayah Jakarta Kemayoran,Relationship Banking Officer,Senior RB,13,2019-05-24
RM0106,Rina Siregar,KCP Kelapa Gading Bukit,Kantor Wilayah Jakarta Kemayoran,Relationship Banking Officer,Senior RB,22,2024-03-06
RM0107,Dewi Situmorang,KCP Kelapa Gading Bukit,Kantor Wilayah Jakarta Kemayoran,Relationship Banking Officer,Junior RB,11,2022-11-12
RM0108,Krisna Gunawan,KCP Kelapa Gading Bukit,Kantor Wilayah Jakarta Kemayoran,Relationship Banking Officer,Senior RB,25,2015-04-27
RM0109,Krisna Suryadi,KCP Kelapa Gading Bukit,Kantor Wilayah Jakarta Kemayoran,Relationship Banking Officer,Junior RB,17,2015-04-11
RM0110,Irfan Tanjung,KCP Kelapa Gading Bukit,Kantor Wilayah Jakarta Kemayoran,Relationship Banking Officer,Junior RB,8,2021-03-18
RM0111,Hendra Panjaitan,KCP Daan Mogot,Kantor Wilayah Jakarta BSD,Relationship Banking Officer,Junior RB,9,2019-12-11
RM0112,Slamet Setiawan,KCP Daan Mogot,Kantor Wilayah Jakarta BSD,Relationship Banking Officer,Senior RB,18,2025-06-01
RM0113,Suryani Santoso,KCP Daan Mogot,Kantor Wilayah Jakarta BSD,Relationship Banking Officer,Junior RB,9,2015-07-27
RM0114,Fauzi Panjaitan,KCP Cengkareng,Kantor Wilayah Jakarta BSD,Relationship Banking Officer,Junior RB,13,2025-10-25
RM0115,Wulan Wijaya,KCP Cengkareng,Kantor Wilayah Jakarta BSD,Relationship Banking Officer,Junior RB,8,2017-11-15
RM0116,Dewi Hutapea,KCP Cengkareng,Kantor Wilayah Jakarta BSD,Relationship Banking Officer,Senior RB,10,2018-01-04
RM0117,Yudi Saputra,KCP Cengkareng,Kantor Wilayah Jakarta BSD,Relationship Banking Officer,Junior RB,11,2019-11-07
RM0118,Slamet Wijaya,KCP Cengkareng,Kantor Wilayah Jakarta BSD,Relationship Banking Officer,Junior RB,17,2020-12-31
RM0119,Hendra Rahman,KCP Cengkareng,Kantor Wilayah Jakarta BSD,Relationship Banking Officer,Senior RB,10,2025-03-14
RM0120,Slamet Suryadi,KCP Kedoya,Kantor Wilayah Jakarta BSD,Relationship Banking Officer,Junior RB,15,2015-04-09
RM0121,Dian Suryadi,KCP Kedoya,Kantor Wilayah Jakarta BSD,Relationship Banking Officer,Junior RB,17,2023-04-13
RM0122,Putri Nugroho,KCP Kedoya,Kantor Wilayah Jakarta BSD,Relationship Banking Officer,Junior RB,13,2018-06-03
RM0123,Suryani Simanjuntak,KCP Kedoya,Kantor Wilayah Jakarta BSD,Relationship Banking Officer,Junior RB,11,2015-06-16
RM0124,Dewi Hutapea,KCP Kedoya,Kantor Wilayah Jakarta BSD,Relationship Banking Officer,Junior RB,11,2018-01-03
RM0125,Ayu Firmansyah,KCP Kedoya,Kantor Wilayah Jakarta BSD,Relationship Banking Officer,Junior RB,14,2016-07-20
RM0126,Dedi Lubis,KCP Kebon Jeruk,Kantor Wilayah Jakarta BSD,Relationship Banking Officer,Senior RB,15,2015-05-06
RM0127,Dian Tanjung,KCP Kebon Jeruk,Kantor Wilayah Jakarta BSD,Relationship Banking Officer,Junior RB,15,2019-01-20
RM0128,Andi Rahman,KCP Kebon Jeruk,Kantor Wilayah Jakarta BSD,Relationship Banking Officer,Senior RB,21,2020-02-24
RM0129,Agus Setiawan,KCP Kebon Jeruk,Kantor Wilayah Jakarta BSD,Relationship Banking Officer,Senior RB,23,2024-05-22
RM0130,Anggi Nugroho,KCP Kebon Jeruk,Kantor Wilayah Jakarta BSD,Relationship Banking Officer,Junior RB,16,2021-11-25
RM0131,Irfan Setiawan,KCP Kebon Jeruk,Kantor Wilayah Jakarta BSD,Relationship Banking Officer,Junior RB,9,2023-12-04
RM0132,Gunawan Wijaya,KCP Kebon Jeruk,Kantor Wilayah Jakarta BSD,Relationship Banking Officer,Junior RB,16,2019-08-10
RM0133,Agus Tanjung,KCP Puri Indah,Kantor Wilayah Jakarta BSD,Relationship Banking Officer,Junior RB,6,2018-10-12
RM0134,Fauzi Wijaya,KCP Puri Indah,Kantor Wilayah Jakarta BSD,Relationship Banking Officer,Junior RB,16,2025-03-28
RM0135,Ayu Pratama,KCP Puri Indah,Kantor Wilayah Jakarta BSD,Relationship Banking Officer,Senior RB,19,2025-08-27
RM0136,Joko Situmorang,KCP Puri Indah,Kantor Wilayah Jakarta BSD,Relationship Banking Officer,Senior RB,10,2018-10-01
RM0137,Krisna Saputra,KCP Puri Indah,Kantor Wilayah Jakarta BSD,Relationship Banking Officer,Senior RB,25,2025-01-05
RM0138,Nina Hidayat,KCP Tangerang Kota,Kantor Wilayah Jakarta BSD,Relationship Banking Officer,Senior RB,14,2022-10-20
RM0139,Indah Hidayat,KCP Tangerang Kota,Kantor Wilayah Jakarta BSD,Relationship Banking Officer,Junior RB,6,2023-03-16
RM0140,Bambang Lubis,KCP Tangerang Kota,Kantor Wilayah Jakarta BSD,Relationship Banking Officer,Senior RB,12,2024-09-06
RM0141,Suryani Situmorang,KCP Tangerang Kota,Kantor Wilayah Jakarta BSD,Relationship Banking Officer,Junior RB,14,2025-05-06
RM0142,Dedi Saputra,KCP Tangerang Kota,Kantor Wilayah Jakarta BSD,Relationship Banking Officer,Junior RB,10,2020-04-01
RM0143,Irfan Nugroho,KCP Tangerang Kota,Kantor Wilayah Jakarta BSD,Relationship Banking Officer,Junior RB,10,2021-11-28
RM0144,Dimas Tanjung,KCP Tangerang Kota,Kantor Wilayah Jakarta BSD,Relationship Banking Officer,Senior RB,20,2017-02-05
RM0145,Ratna Permana,KCP Karawaci,Kantor Wilayah Jakarta BSD,Relationship Banking Officer,Senior RB,22,2025-02-15
RM0146,Agus Rahman,KCP Karawaci,Kantor Wilayah Jakarta BSD,Relationship Banking Officer,Senior RB,23,2020-12-07
RM0147,Anton Permana,KCP Karawaci,Kantor Wilayah Jakarta BSD,Relationship Banking Officer,Junior RB,6,2015-10-03
RM0148,Wati Situmorang,KCP Karawaci,Kantor Wilayah Jakarta BSD,Relationship Banking Officer,Junior RB,17,2023-02-05
RM0149,Dedi Permana,KCP Karawaci,Kantor Wilayah Jakarta BSD,Relationship Banking Officer,Junior RB,5,2017-09-15
RM0150,Joko Panjaitan,KCP Karawaci,Kantor Wilayah Jakarta BSD,Relationship Banking Officer,Junior RB,15,2024-05-29
RM0151,Fauzi Wijaya,KCP Karawaci,Kantor Wilayah Jakarta BSD,Relationship Banking Officer,Senior RB,10,2023-06-22
RM0152,Iwan Gunawan,KCP Cipondoh,Kantor Wilayah Jakarta BSD,Relationship Banking Officer,Junior RB,15,2023-08-01
RM0153,Eko Nugroho,KCP Cipondoh,Kantor Wilayah Jakarta BSD,Relationship Banking Officer,Senior RB,13,2025-06-17
RM0154,Anggi Wibowo,KCP Cipondoh,Kantor Wilayah Jakarta BSD,Relationship Banking Officer,Senior RB,24,2020-01-09
RM0155,Sutrisno Gunawan,KCP Cipondoh,Kantor Wilayah Jakarta BSD,Relationship Banking Officer,Junior RB,7,2016-11-28
RM0156,Fajar Handoko,KCP Cipondoh,Kantor Wilayah Jakarta BSD,Relationship Banking Officer,Senior RB,18,2015-11-24
RM0157,Iwan Panjaitan,KC BSD,Kantor Wilayah Jakarta BSD,Relationship Banking Officer,Senior RB,11,2016-04-29
RM0158,Wahyu Setiawan,KC BSD,Kantor Wilayah Jakarta BSD,Relationship Banking Officer,Junior RB,7,2017-10-05
RM0159,Krisna Permana,KC BSD,Kantor Wilayah Jakarta BSD,Relationship Banking Officer,Junior RB,6,2015-04-23
RM0160,Yusuf Rahman,KC BSD,Kantor Wilayah Jakarta BSD,Relationship Banking Officer,Senior RB,17,2017-09-05
RM0161,Maya Firmansyah,KC BSD,Kantor Wilayah Jakarta BSD,Relationship Banking Officer,Junior RB,15,2021-09-28
RM0162,Desi Santoso,KCP Ciputat,Kantor Wilayah Jakarta BSD,Relationship Banking Officer,Junior RB,16,2022-12-26
RM0163,Irfan Situmorang,KCP Ciputat,Kantor Wilayah Jakarta BSD,Relationship Banking Officer,Junior RB,17,2023-07-30
RM0164,Yusuf Santoso,KCP Ciputat,Kantor Wilayah Jakarta BSD,Relationship Banking Officer,Junior RB,9,2015-04-16
RM0165,Wahyu Setiawan,KCP Bintaro,Kantor Wilayah Jakarta BSD,Relationship Banking Officer,Junior RB,10,2021-01-20
RM0166,Fauzi Siregar,KCP Bintaro,Kantor Wilayah Jakarta BSD,Relationship Banking Officer,Senior RB,17,2023-02-26
RM0167,Lestari Firmansyah,KCP Bintaro,Kantor Wilayah Jakarta BSD,Relationship Banking Officer,Senior RB,20,2022-08-12
RM0168,Rina Tanjung,KCP Bintaro,Kantor Wilayah Jakarta BSD,Relationship Banking Officer,Junior RB,16,2015-04-26
RM0169,Dedi Saputra,KCP Bintaro,Kantor Wilayah Jakarta BSD,Relationship Banking Officer,Senior RB,17,2018-02-04
RM0170,Rian Suryadi,KCP Bintaro,Kantor Wilayah Jakarta BSD,Relationship Banking Officer,Senior RB,23,2024-03-18
RM0171,Kartika Setiawan,KCP Bintaro,Kantor Wilayah Jakarta BSD,Relationship Banking Officer,Junior RB,15,2015-10-12
RM0172,Fitri Simanjuntak,KCP Serpong,Kantor Wilayah Jakarta BSD,Relationship Banking Officer,Senior RB,19,2016-05-20
RM0173,Slamet Santoso,KCP Serpong,Kantor Wilayah Jakarta BSD,Relationship Banking Officer,Junior RB,5,2024-02-22
RM0174,Rudi Firmansyah,KCP Serpong,Kantor Wilayah Jakarta BSD,Relationship Banking Officer,Senior RB,11,2025-11-21
RM0175,Putri Kusuma,KCP Serpong,Kantor Wilayah Jakarta BSD,Relationship Banking Officer,Senior RB,15,2021-10-25
RM0176,Hadi Simanjuntak,KCP Serpong,Kantor Wilayah Jakarta BSD,Relationship Banking Officer,Junior RB,17,2017-06-20
RM0177,Ani Setiawan,KCP Rawamangun,Kantor Wilayah 15 (Jakarta Timur),Relationship Banking Officer,Junior RB,8,2019-03-25
RM0178,Hendra Lubis,KCP Rawamangun,Kantor Wilayah 15 (Jakarta Timur),Relationship Banking Officer,Senior RB,17,2019-10-05
RM0179,Tri Santoso,KCP Rawamangun,Kantor Wilayah 15 (Jakarta Timur),Relationship Banking Officer,Junior RB,12,2023-03-02
RM0180,Indah Suryadi,KCP Rawamangun,Kantor Wilayah 15 (Jakarta Timur),Relationship Banking Officer,Junior RB,15,2017-03-13
RM0181,Putri Pratama,KCP Rawamangun,Kantor Wilayah 15 (Jakarta Timur),Relationship Banking Officer,Senior RB,12,2020-07-14
RM0182,Kartika Pratama,KCP Rawamangun,Kantor Wilayah 15 (Jakarta Timur),Relationship Banking Officer,Senior RB,12,2020-12-04
RM0183,Irfan Susanto,KCP Rawamangun,Kantor Wilayah 15 (Jakarta Timur),Relationship Banking Officer,Senior RB,18,2021-01-02
RM0184,Anggi Situmorang,KCP Rawamangun,Kantor Wilayah 15 (Jakarta Timur),Relationship Banking Officer,Junior RB,6,2022-05-17
RM0185,Sutrisno Wijaya,KCP Cawang,Kantor Wilayah 15 (Jakarta Timur),Relationship Banking Officer,Senior RB,17,2018-04-24
RM0186,Lestari Wibowo,KCP Cawang,Kantor Wilayah 15 (Jakarta Timur),Relationship Banking Officer,Senior RB,14,2016-05-11
RM0187,Doni Panjaitan,KCP Cawang,Kantor Wilayah 15 (Jakarta Timur),Relationship Banking Officer,Senior RB,13,2022-08-21
RM0188,Lina Simanjuntak,KCP Cawang,Kantor Wilayah 15 (Jakarta Timur),Relationship Banking Officer,Junior RB,10,2024-10-17
RM0189,Dewi Handoko,KCP Jatinegara,Kantor Wilayah 15 (Jakarta Timur),Relationship Banking Officer,Junior RB,18,2023-04-17
RM0190,Retno Siregar,KCP Jatinegara,Kantor Wilayah 15 (Jakarta Timur),Relationship Banking Officer,Junior RB,13,2023-02-15
RM0191,Dedi Siregar,KCP Jatinegara,Kantor Wilayah 15 (Jakarta Timur),Relationship Banking Officer,Junior RB,9,2022-10-01
RM0192,Sari Lubis,KCP Jatinegara,Kantor Wilayah 15 (Jakarta Timur),Relationship Banking Officer,Junior RB,5,2023-12-02
RM0193,Siti Wibowo,KCP Jatinegara,Kantor Wilayah 15 (Jakarta Timur),Relationship Banking Officer,Junior RB,17,2016-06-09
RM0194,Iwan Pratama,KCP Jatinegara,Kantor Wilayah 15 (Jakarta Timur),Relationship Banking Officer,Junior RB,14,2025-08-10
RM0195,Krisna Lubis,KCP Jatinegara,Kantor Wilayah 15 (Jakarta Timur),Relationship Banking Officer,Junior RB,7,2017-02-18
RM0196,Bambang Panjaitan,KCP Kramat Jati,Kantor Wilayah 15 (Jakarta Timur),Relationship Banking Officer,Junior RB,9,2018-06-27
RM0197,Ika Nugroho,KCP Kramat Jati,Kantor Wilayah 15 (Jakarta Timur),Relationship Banking Officer,Senior RB,20,2024-07-15
RM0198,Bambang Rahman,KCP Kramat Jati,Kantor Wilayah 15 (Jakarta Timur),Relationship Banking Officer,Senior RB,25,2023-01-28
RM0199,Bambang Permana,KCP Kramat Jati,Kantor Wilayah 15 (Jakarta Timur),Relationship Banking Officer,Junior RB,6,2025-12-05
RM0200,Bambang Santoso,KCP Pulo Gadung,Kantor Wilayah 15 (Jakarta Timur),Relationship Banking Officer,Junior RB,17,2024-03-22
RM0201,Dewi Pratama,KCP Pulo Gadung,Kantor Wilayah 15 (Jakarta Timur),Relationship Banking Officer,Junior RB,7,2018-09-11
RM0202,Rizky Tanjung,KCP Pulo Gadung,Kantor Wilayah 15 (Jakarta Timur),Relationship Banking Officer,Senior RB,18,2022-11-26
RM0203,Dian Suryadi,KCP Pulo Gadung,Kantor Wilayah 15 (Jakarta Timur),Relationship Banking Officer,Senior RB,24,2021-08-19
RM0204,Rizky Pratama,KC Bekasi,Kantor Wilayah 15 (Jakarta Timur),Relationship Banking Officer,Senior RB,24,2015-10-16
RM0205,Ratna Kusuma,KC Bekasi,Kantor Wilayah 15 (Jakarta Timur),Relationship Banking Officer,Junior RB,5,2023-08-17
RM0206,Putri Santoso,KC Bekasi,Kantor Wilayah 15 (Jakarta Timur),Relationship Banking Officer,Junior RB,15,2017-01-13
RM0207,Anggi Kurniawan,KCP Bekasi Timur,Kantor Wilayah 15 (Jakarta Timur),Relationship Banking Officer,Junior RB,12,2025-02-21
RM0208,Fauzi Rahman,KCP Bekasi Timur,Kantor Wilayah 15 (Jakarta Timur),Relationship Banking Officer,Junior RB,12,2023-05-13
RM0209,Anton Kurniawan,KCP Bekasi Timur,Kantor Wilayah 15 (Jakarta Timur),Relationship Banking Officer,Junior RB,12,2017-12-24
RM0210,Andi Lubis,KCP Bekasi Timur,Kantor Wilayah 15 (Jakarta Timur),Relationship Banking Officer,Senior RB,12,2023-01-11
RM0211,Eko Hutapea,KCP Cikarang,Kantor Wilayah 15 (Jakarta Timur),Relationship Banking Officer,Senior RB,22,2016-12-06
RM0212,Sri Wijaya,KCP Cikarang,Kantor Wilayah 15 (Jakarta Timur),Relationship Banking Officer,Junior RB,13,2022-10-18
RM0213,Eko Lubis,KCP Cikarang,Kantor Wilayah 15 (Jakarta Timur),Relationship Banking Officer,Senior RB,18,2024-01-14
RM0214,Doni Panjaitan,KCP Cikarang,Kantor Wilayah 15 (Jakarta Timur),Relationship Banking Officer,Junior RB,15,2025-07-20
RM0215,Dimas Suryadi,KCP Cikarang,Kantor Wilayah 15 (Jakarta Timur),Relationship Banking Officer,Senior RB,18,2023-05-18
RM0216,Lina Pratama,KCP Cikarang,Kantor Wilayah 15 (Jakarta Timur),Relationship Banking Officer,Senior RB,23,2018-09-11
RM0217,Lina Wijaya,KCP Cikarang,Kantor Wilayah 15 (Jakarta Timur),Relationship Banking Officer,Senior RB,12,2017-06-15
RM0218,Ani Setiawan,KCP Cikarang,Kantor Wilayah 15 (Jakarta Timur),Relationship Banking Officer,Junior RB,11,2016-02-15
RM0219,Ahmad Kusuma,KCP Jababeka,Kantor Wilayah 15 (Jakarta Timur),Relationship Banking Officer,Junior RB,15,2024-11-08
RM0220,Lina Halim,KCP Jababeka,Kantor Wilayah 15 (Jakarta Timur),Relationship Banking Officer,Junior RB,5,2021-11-19
RM0221,Ayu Kurniawan,KCP Jababeka,Kantor Wilayah 15 (Jakarta Timur),Relationship Banking Officer,Junior RB,5,2018-07-10
RM0222,Fajar Santoso,KC Bogor,Kantor Wilayah 15 (Jakarta Timur),Relationship Banking Officer,Junior RB,6,2020-08-07
RM0223,Lestari Lubis,KC Bogor,Kantor Wilayah 15 (Jakarta Timur),Relationship Banking Officer,Junior RB,8,2023-07-11
RM0224,Rina Siregar,KC Bogor,Kantor Wilayah 15 (Jakarta Timur),Relationship Banking Officer,Senior RB,12,2017-06-25
RM0225,Ayu Santoso,KC Bogor,Kantor Wilayah 15 (Jakarta Timur),Relationship Banking Officer,Junior RB,14,2020-11-08
RM0226,Kartika Gunawan,KC Bogor,Kantor Wilayah 15 (Jakarta Timur),Relationship Banking Officer,Junior RB,6,2024-06-08
RM0227,Siti Nugroho,KCP Cibinong,Kantor Wilayah 15 (Jakarta Timur),Relationship Banking Officer,Junior RB,14,2023-03-14
RM0228,Putri Situmorang,KCP Cibinong,Kantor Wilayah 15 (Jakarta Timur),Relationship Banking Officer,Junior RB,9,2019-09-02
RM0229,Bayu Handoko,KCP Cibinong,Kantor Wilayah 15 (Jakarta Timur),Relationship Banking Officer,Senior RB,25,2016-12-02
RM0230,Krisna Saputra,KCP Cibinong,Kantor Wilayah 15 (Jakarta Timur),Relationship Banking Officer,Junior RB,14,2018-12-15
RM0231,Novi Rahman,KCP Cibinong,Kantor Wilayah 15 (Jakarta Timur),Relationship Banking Officer,Junior RB,17,2025-09-25
RM0232,Kartika Setiawan,KCP Cibinong,Kantor Wilayah 15 (Jakarta Timur),Relationship Banking Officer,Senior RB,23,2023-08-09
RM0233,Joko Saputra,KCP Cibinong,Kantor Wilayah 15 (Jakarta Timur),Relationship Banking Officer,Senior RB,21,2022-04-26
RM0234,Bambang Wibowo,KCP Bogor Baru,Kantor Wilayah 15 (Jakarta Timur),Relationship Banking Officer,Junior RB,13,2023-05-15
RM0235,Joko Panjaitan,KCP Bogor Baru,Kantor Wilayah 15 (Jakarta Timur),Relationship Banking Officer,Junior RB,15,2015-07-15
RM0236,Desi Santoso,KCP Bogor Baru,Kantor Wilayah 15 (Jakarta Timur),Relationship Banking Officer,Senior RB,23,2016-10-19
RM0237,Rizky Panjaitan,KCP Bogor Baru,Kantor Wilayah 15 (Jakarta Timur),Relationship Banking Officer,Junior RB,14,2022-12-01
RM0238,Budi Suryadi,KCP Bogor Baru,Kantor Wilayah 15 (Jakarta Timur),Relationship Banking Officer,Junior RB,11,2019-08-02
RM0239,Krisna Santoso,KCP Bogor Baru,Kantor Wilayah 15 (Jakarta Timur),Relationship Banking Officer,Junior RB,15,2020-09-28
RM0240,Suryani Wibowo,KCP Dramaga,Kantor Wilayah 15 (Jakarta Timur),Relationship Banking Officer,Junior RB,17,2022-04-13
RM0241,Fitri Handoko,KCP Dramaga,Kantor Wilayah 15 (Jakarta Timur),Relationship Banking Officer,Junior RB,7,2025-01-25
RM0242,Sri Wibowo,KCP Dramaga,Kantor Wilayah 15 (Jakarta Timur),Relationship Banking Officer,Junior RB,8,2016-06-13
RM0243,Putri Wijaya,KCP Dramaga,Kantor Wilayah 15 (Jakarta Timur),Relationship Banking Officer,Junior RB,12,2018-04-02
RM0244,Dian Halim,KCP Dramaga,Kantor Wilayah 15 (Jakarta Timur),Relationship Banking Officer,Junior RB,10,2025-05-28
RM0245,Rian Saputra,KCP Dramaga,Kantor Wilayah 15 (Jakarta Timur),Relationship Banking Officer,Junior RB,17,2018-03-31
RM0246,Gunawan Wijaya,KCP Depok Margonda,Kantor Wilayah 15 (Jakarta Timur),Relationship Banking Officer,Junior RB,13,2021-04-12
RM0247,Melati Kusuma,KCP Depok Margonda,Kantor Wilayah 15 (Jakarta Timur),Relationship Banking Officer,Senior RB,19,2017-06-22
RM0248,Kartika Saputra,KCP Depok Margonda,Kantor Wilayah 15 (Jakarta Timur),Relationship Banking Officer,Junior RB,18,2018-07-20
RM0249,Fitri Siregar,KCP Depok Margonda,Kantor Wilayah 15 (Jakarta Timur),Relationship Banking Officer,Senior RB,11,2025-12-25
RM0250,Yusuf Susanto,KCP Depok Margonda,Kantor Wilayah 15 (Jakarta Timur),Relationship Banking Officer,Senior RB,12,2020-07-25
RM0251,Joko Siregar,KCP Depok Margonda,Kantor Wilayah 15 (Jakarta Timur),Relationship Banking Officer,Senior RB,24,2022-02-23
RM0252,Ahmad Pratama,KCP Depok Margonda,Kantor Wilayah 15 (Jakarta Timur),Relationship Banking Officer,Junior RB,17,2019-01-04
RM0253,Budi Nugroho,KCP Depok Margonda,Kantor Wilayah 15 (Jakarta Timur),Relationship Banking Officer,Senior RB,23,2023-11-19
RM0254,Dian Pratama,KCP Depok Beji,Kantor Wilayah 15 (Jakarta Timur),Relationship Banking Officer,Junior RB,7,2018-11-13
RM0255,Dimas Panjaitan,KCP Depok Beji,Kantor Wilayah 15 (Jakarta Timur),Relationship Banking Officer,Junior RB,15,2018-10-12
RM0256,Sutrisno Handoko,KCP Depok Beji,Kantor Wilayah 15 (Jakarta Timur),Relationship Banking Officer,Senior RB,14,2016-05-09
RM0257,Anton Tanjung,KCP Depok Beji,Kantor Wilayah 15 (Jakarta Timur),Relationship Banking Officer,Senior RB,19,2016-12-24
RM0258,Novi Tanjung,KCP Depok Beji,Kantor Wilayah 15 (Jakarta Timur),Relationship Banking Officer,Junior RB,6,2024-02-23
RM0259,Anton Firmansyah,KCP Sawangan,Kantor Wilayah 15 (Jakarta Timur),Relationship Banking Officer,Junior RB,8,2023-01-18
RM0260,Irfan Permana,KCP Sawangan,Kantor Wilayah 15 (Jakarta Timur),Relationship Banking Officer,Junior RB,9,2024-05-29
RM0261,Nina Panjaitan,KCP Sawangan,Kantor Wilayah 15 (Jakarta Timur),Relationship Banking Officer,Junior RB,7,2022-01-15
